event_id,equipment_id,sensor_name,event_type,severity,mesures,mesures_renseignees,minimum,maximum,moyenne,ecart_type,premiere_mesure,derniere_mesure,completude_pct
EVT-2026S1-0001,EQ-PUMP-001,pressure_bar,incident,high,12,12,5.39,6.27,5.894,0.306,2026-02-18 00:00:00+00:00,2026-02-20 18:00:00+00:00,100.0
EVT-2026S1-0001,EQ-PUMP-001,temperature_c,incident,high,12,12,53.99,65.17,60.666,3.789,2026-02-18 00:00:00+00:00,2026-02-20 18:00:00+00:00,100.0
EVT-2026S1-0001,EQ-PUMP-001,vibration_mm_s,incident,high,12,12,2.08,3.76,3.29,0.446,2026-02-18 02:00:00+00:00,2026-02-20 20:00:00+00:00,100.0
EVT-2026S1-0002,EQ-CONV-003,current_a,incident,medium,12,12,17.13,27.22,22.59,2.734,2026-05-20 18:00:00+00:00,2026-05-23 12:00:00+00:00,100.0
EVT-2026S1-0002,EQ-CONV-003,rpm,incident,medium,12,12,1104.53,1317.94,1248.784,60.864,2026-05-20 18:00:00+00:00,2026-05-23 12:00:00+00:00,100.0
EVT-2026S1-0003,EQ-COMP-002,pressure_bar,observation,high,16,15,5.97,7.14,6.59,0.288,2026-04-09 12:00:00+00:00,2026-04-13 06:00:00+00:00,93.75
EVT-2026S1-0003,EQ-COMP-002,temperature_c,observation,high,16,16,53.68,64.13,59.046,3.311,2026-04-09 12:00:00+00:00,2026-04-13 06:00:00+00:00,100.0
EVT-2026S1-0007,EQ-OVEN-001,current_a,intervention,high,16,16,21.89,27.2,24.161,1.771,2026-02-04 12:00:00+00:00,2026-02-08 06:00:00+00:00,100.0
EVT-2026S1-0007,EQ-OVEN-001,temperature_c,intervention,high,16,16,43.2,55.41,50.504,3.416,2026-02-04 12:00:00+00:00,2026-02-08 06:00:00+00:00,100.0
EVT-2026S1-0012,EQ-FAN-002,current_a,intervention,medium,16,16,21.19,26.16,23.729,1.596,2026-01-20 18:00:00+00:00,2026-01-24 12:00:00+00:00,100.0
EVT-2026S1-0012,EQ-FAN-002,rpm,intervention,medium,16,16,1165.85,1302.78,1243.214,38.226,2026-01-20 18:00:00+00:00,2026-01-24 12:00:00+00:00,100.0
EVT-2026S1-0012,EQ-FAN-002,vibration_mm_s,intervention,medium,16,16,2.35,3.41,2.93,0.315,2026-01-20 18:00:00+00:00,2026-01-24 12:00:00+00:00,100.0
EVT-2026S1-0013,EQ-CHILL-001,pressure_bar,incident,high,7,7,5.32,5.77,5.563,0.189,2026-01-02 00:00:00+00:00,2026-01-03 12:00:00+00:00,100.0
EVT-2026S1-0013,EQ-CHILL-001,temperature_c,incident,high,7,7,53.95,66.35,59.974,4.513,2026-01-02 00:00:00+00:00,2026-01-03 12:00:00+00:00,100.0
EVT-2026S1-0015,EQ-PUMP-001,pressure_bar,observation,low,17,17,5.73,6.74,6.196,0.298,2026-06-16 06:00:00+00:00,2026-06-20 06:00:00+00:00,100.0
EVT-2026S1-0015,EQ-PUMP-001,temperature_c,observation,low,17,17,52.5,63.34,58.521,3.548,2026-06-16 06:00:00+00:00,2026-06-20 06:00:00+00:00,100.0
EVT-2026S1-0015,EQ-PUMP-001,vibration_mm_s,observation,low,18,18,2.49,3.29,2.864,0.27,2026-06-16 02:00:00+00:00,2026-06-20 08:00:00+00:00,100.0
EVT-2026S1-0018,EQ-COMP-002,pressure_bar,incident,high,15,15,5.76,6.71,6.254,0.257,2026-05-16 12:00:00+00:00,2026-05-20 00:00:00+00:00,100.0
EVT-2026S1-0018,EQ-COMP-002,temperature_c,incident,high,15,15,56.18,69.49,62.552,4.583,2026-05-16 12:00:00+00:00,2026-05-20 00:00:00+00:00,100.0
EVT-2026S1-0022,EQ-FAN-003,rpm,incident,medium,16,16,1374.84,1479.29,1423.824,34.443,2026-04-29 00:00:00+00:00,2026-05-02 18:00:00+00:00,100.0
EVT-2026S1-0022,EQ-FAN-003,vibration_mm_s,incident,medium,16,16,2.26,3.42,2.901,0.333,2026-04-29 00:00:00+00:00,2026-05-02 18:00:00+00:00,100.0
EVT-2026S1-0030,EQ-OVEN-001,current_a,intervention,low,14,14,21.47,27.97,24.106,1.837,2026-05-02 18:00:00+00:00,2026-05-06 00:00:00+00:00,100.0
EVT-2026S1-0030,EQ-OVEN-001,temperature_c,intervention,low,14,14,46.44,56.83,51.349,3.459,2026-05-02 18:00:00+00:00,2026-05-06 00:00:00+00:00,100.0
EVT-2026S1-0036,EQ-CHILL-001,pressure_bar,incident,medium,15,15,5.2,6.28,5.861,0.301,2026-05-05 18:00:00+00:00,2026-05-09 06:00:00+00:00,100.0
EVT-2026S1-0036,EQ-CHILL-001,temperature_c,incident,medium,15,15,49.55,61.34,55.767,3.894,2026-05-05 18:00:00+00:00,2026-05-09 06:00:00+00:00,100.0
EVT-2026S1-0039,EQ-PUMP-006,temperature_c,incident,critical,15,15,51.34,69.29,61.576,5.294,2026-04-27 18:00:00+00:00,2026-05-01 06:00:00+00:00,100.0
EVT-2026S1-0039,EQ-PUMP-006,vibration_mm_s,incident,critical,15,15,3.28,5.11,4.169,0.574,2026-04-27 18:00:00+00:00,2026-05-01 06:00:00+00:00,100.0
EVT-2026S1-0040,EQ-CONV-003,current_a,observation,medium,13,13,17.48,23.47,20.584,1.961,2026-01-22 06:00:00+00:00,2026-01-25 06:00:00+00:00,100.0
EVT-2026S1-0040,EQ-CONV-003,rpm,observation,medium,13,13,1223.39,1367.6,1288.072,37.972,2026-01-22 06:00:00+00:00,2026-01-25 06:00:00+00:00,100.0
EVT-2026S1-0042,EQ-CONV-262,current_a,intervention,medium,16,16,25.31,32.49,28.691,2.105,2026-02-25 12:00:00+00:00,2026-03-01 06:00:00+00:00,100.0
EVT-2026S1-0042,EQ-CONV-262,rpm,intervention,medium,16,16,1401.9,1541.6,1466.442,39.66,2026-02-25 12:00:00+00:00,2026-03-01 06:00:00+00:00,100.0
EVT-2026S1-0044,EQ-FAN-284,rpm,intervention,critical,17,17,1582.04,1707.3,1641.109,32.471,2026-02-22 00:00:00+00:00,2026-02-26 00:00:00+00:00,100.0
EVT-2026S1-0044,EQ-FAN-284,vibration_mm_s,intervention,critical,17,17,2.11,3.24,2.728,0.333,2026-02-22 00:00:00+00:00,2026-02-26 00:00:00+00:00,100.0
EVT-2026S1-0050,EQ-PUMP-350,temperature_c,incident,high,18,18,53.45,72.27,64.707,4.895,2026-02-08 18:00:00+00:00,2026-02-13 00:00:00+00:00,100.0
EVT-2026S1-0050,EQ-PUMP-350,vibration_mm_s,incident,high,18,18,2.78,4.48,3.727,0.475,2026-02-08 18:00:00+00:00,2026-02-13 00:00:00+00:00,100.0
EVT-2026S1-0061,EQ-PUMP-171,temperature_c,incident,high,17,17,56.8,71.91,65.239,4.468,2026-01-14 00:00:00+00:00,2026-01-18 00:00:00+00:00,100.0
EVT-2026S1-0061,EQ-PUMP-171,vibration_mm_s,incident,high,17,17,2.58,4.37,3.361,0.544,2026-01-14 00:00:00+00:00,2026-01-18 00:00:00+00:00,100.0
EVT-2026S1-0064,EQ-FAN-204,vibration_mm_s,incident,critical,14,14,2.53,4.62,3.738,0.601,2026-05-05 18:00:00+00:00,2026-05-09 00:00:00+00:00,100.0
EVT-2026S1-0068,EQ-CHILL-248,pressure_bar,intervention,high,15,15,6.38,7.47,6.889,0.297,2026-03-13 06:00:00+00:00,2026-03-16 18:00:00+00:00,100.0
EVT-2026S1-0068,EQ-CHILL-248,temperature_c,intervention,high,15,15,46.15,57.42,52.212,3.837,2026-03-13 06:00:00+00:00,2026-03-16 18:00:00+00:00,100.0
EVT-2026S1-0069,EQ-MIX-259,current_a,incident,medium,13,13,19.77,24.88,21.972,1.583,2026-01-05 18:00:00+00:00,2026-01-08 18:00:00+00:00,100.0
EVT-2026S1-0069,EQ-MIX-259,vibration_mm_s,incident,medium,13,13,2.3,3.32,2.754,0.274,2026-01-05 18:00:00+00:00,2026-01-08 18:00:00+00:00,100.0
EVT-2026S1-0076,EQ-CONV-336,current_a,incident,high,15,15,20.65,27.99,24.363,1.889,2026-01-09 18:00:00+00:00,2026-01-13 06:00:00+00:00,100.0
EVT-2026S1-0076,EQ-CONV-336,rpm,incident,high,15,15,1235.21,1388.76,1317.384,43.073,2026-01-09 18:00:00+00:00,2026-01-13 06:00:00+00:00,100.0
EVT-2026S1-0078,EQ-ROBOT-358,current_a,intervention,medium,13,13,18.76,23.65,21.08,1.619,2026-01-22 00:00:00+00:00,2026-01-25 00:00:00+00:00,100.0
EVT-2026S1-0078,EQ-ROBOT-358,vibration_mm_s,intervention,medium,13,13,2.32,3.47,2.797,0.33,2026-01-22 00:00:00+00:00,2026-01-25 00:00:00+00:00,100.0
EVT-2026S1-0083,EQ-COMP-113,pressure_bar,observation,high,15,15,5.59,6.43,6.026,0.258,2026-04-07 12:00:00+00:00,2026-04-11 00:00:00+00:00,100.0
EVT-2026S1-0083,EQ-COMP-113,temperature_c,observation,high,15,15,57.74,66.8,62.263,3.118,2026-04-07 12:00:00+00:00,2026-04-11 00:00:00+00:00,100.0
EVT-2026S1-0088,EQ-CHILL-168,pressure_bar,intervention,high,17,17,6.71,7.75,7.186,0.315,2026-06-05 18:00:00+00:00,2026-06-09 18:00:00+00:00,100.0
EVT-2026S1-0088,EQ-CHILL-168,temperature_c,intervention,high,17,17,53.8,66.31,59.181,3.565,2026-06-05 18:00:00+00:00,2026-06-09 18:00:00+00:00,100.0
EVT-2026S1-0091,EQ-COMP-002,pressure_bar,observation,medium,14,14,6.09,7.0,6.499,0.329,2026-04-16 00:00:00+00:00,2026-04-19 06:00:00+00:00,100.0
EVT-2026S1-0091,EQ-COMP-002,temperature_c,observation,medium,14,14,50.68,63.13,58.904,3.87,2026-04-16 00:00:00+00:00,2026-04-19 06:00:00+00:00,100.0
EVT-2026S1-0093,EQ-OVEN-223,current_a,incident,low,16,16,19.74,25.82,23.722,1.907,2026-03-21 00:00:00+00:00,2026-03-24 18:00:00+00:00,100.0
EVT-2026S1-0093,EQ-OVEN-223,temperature_c,incident,low,16,16,55.19,67.48,61.054,3.763,2026-03-21 00:00:00+00:00,2026-03-24 18:00:00+00:00,100.0
EVT-2026S1-0106,EQ-OVEN-366,current_a,incident,high,15,15,22.78,30.04,26.129,2.105,2026-04-07 00:00:00+00:00,2026-04-10 12:00:00+00:00,100.0
EVT-2026S1-0106,EQ-OVEN-366,temperature_c,incident,high,15,15,47.79,60.92,54.199,3.95,2026-04-07 00:00:00+00:00,2026-04-10 12:00:00+00:00,100.0
EVT-2026S1-0151,EQ-CAB-134,current_a,incident,medium,13,13,19.54,23.9,21.692,1.259,2026-06-17 00:00:00+00:00,2026-06-20 00:00:00+00:00,100.0
EVT-2026S1-0151,EQ-CAB-134,temperature_c,incident,medium,13,13,47.92,60.74,55.088,4.311,2026-06-17 00:00:00+00:00,2026-06-20 00:00:00+00:00,100.0
EVT-2026S1-0155,EQ-SENSOR-305,temperature_c,observation,medium,12,12,50.75,62.51,56.206,3.75,2026-01-12 12:00:00+00:00,2026-01-15 06:00:00+00:00,100.0
EVT-2026S1-0169,EQ-MIX-159,current_a,incident,medium,14,14,22.01,28.09,24.901,1.712,2026-01-11 00:00:00+00:00,2026-01-14 06:00:00+00:00,100.0
EVT-2026S1-0169,EQ-MIX-159,vibration_mm_s,incident,medium,14,14,2.12,3.29,2.691,0.335,2026-01-11 00:00:00+00:00,2026-01-14 06:00:00+00:00,100.0
EVT-2026S1-0172,EQ-OVEN-223,current_a,incident,low,16,16,20.69,26.25,23.173,2.205,2026-06-11 12:00:00+00:00,2026-06-15 06:00:00+00:00,100.0
EVT-2026S1-0172,EQ-OVEN-223,temperature_c,incident,low,16,16,55.73,65.11,61.094,3.573,2026-06-11 12:00:00+00:00,2026-06-15 06:00:00+00:00,100.0
EVT-2026S1-0189,EQ-MIX-379,current_a,incident,medium,15,15,19.25,25.72,22.163,1.978,2026-02-23 00:00:00+00:00,2026-02-26 12:00:00+00:00,100.0
EVT-2026S1-0189,EQ-MIX-379,vibration_mm_s,incident,medium,15,15,2.3,3.37,2.909,0.269,2026-02-23 00:00:00+00:00,2026-02-26 12:00:00+00:00,100.0
EVT-2026S1-0193,EQ-OVEN-123,current_a,observation,low,16,16,20.66,27.37,24.104,2.048,2026-01-21 18:00:00+00:00,2026-01-25 12:00:00+00:00,100.0
EVT-2026S1-0193,EQ-OVEN-123,temperature_c,observation,low,16,16,50.95,64.45,57.781,4.247,2026-01-21 18:00:00+00:00,2026-01-25 12:00:00+00:00,100.0
EVT-2026S1-0203,EQ-COMP-233,pressure_bar,intervention,high,13,13,6.24,7.26,6.652,0.312,2026-05-19 00:00:00+00:00,2026-05-22 00:00:00+00:00,100.0
EVT-2026S1-0203,EQ-COMP-233,temperature_c,intervention,high,13,13,53.56,64.81,59.983,3.367,2026-05-19 00:00:00+00:00,2026-05-22 00:00:00+00:00,100.0
EVT-2026S1-0216,EQ-CONV-376,current_a,observation,high,15,15,18.47,24.63,21.441,1.82,2026-05-29 12:00:00+00:00,2026-06-02 00:00:00+00:00,100.0
EVT-2026S1-0216,EQ-CONV-376,rpm,observation,high,15,15,1455.48,1558.3,1511.707,30.466,2026-05-29 12:00:00+00:00,2026-06-02 00:00:00+00:00,100.0
EVT-2026S1-0232,EQ-FAN-284,rpm,incident,low,14,14,1606.16,1699.82,1644.495,32.451,2026-04-13 18:00:00+00:00,2026-04-17 00:00:00+00:00,100.0
EVT-2026S1-0232,EQ-FAN-284,vibration_mm_s,incident,low,14,14,2.11,3.26,2.64,0.353,2026-04-13 18:00:00+00:00,2026-04-17 00:00:00+00:00,100.0
EVT-2026S1-0259,EQ-COMP-249,pressure_bar,incident,high,15,15,4.56,5.71,5.165,0.289,2026-03-23 12:00:00+00:00,2026-03-27 00:00:00+00:00,100.0
EVT-2026S1-0264,EQ-FAN-304,rpm,intervention,critical,16,16,1478.56,1626.3,1529.499,46.835,2026-02-25 12:00:00+00:00,2026-03-01 06:00:00+00:00,100.0
EVT-2026S1-0264,EQ-FAN-304,vibration_mm_s,intervention,critical,16,16,1.83,3.25,2.654,0.372,2026-02-25 12:00:00+00:00,2026-03-01 06:00:00+00:00,100.0
EVT-2026S1-0271,EQ-OVEN-123,current_a,incident,medium,15,15,21.73,27.04,24.24,1.733,2026-04-11 06:00:00+00:00,2026-04-14 18:00:00+00:00,100.0
EVT-2026S1-0271,EQ-OVEN-123,temperature_c,incident,medium,15,15,52.19,63.32,57.831,3.811,2026-04-11 06:00:00+00:00,2026-04-14 18:00:00+00:00,100.0
EVT-2026S1-0272,EQ-MIX-259,current_a,observation,low,13,13,19.38,24.79,22.155,1.548,2026-05-09 18:00:00+00:00,2026-05-12 18:00:00+00:00,100.0
EVT-2026S1-0272,EQ-MIX-259,vibration_mm_s,observation,low,13,13,2.3,3.19,2.715,0.303,2026-05-09 18:00:00+00:00,2026-05-12 18:00:00+00:00,100.0
EVT-2026S1-0292,EQ-MIX-259,current_a,alert,low,15,15,17.23,25.77,21.937,2.362,2026-01-10 00:00:00+00:00,2026-01-13 12:00:00+00:00,100.0
EVT-2026S1-0292,EQ-MIX-259,vibration_mm_s,alert,low,15,15,2.11,3.1,2.579,0.285,2026-01-10 00:00:00+00:00,2026-01-13 12:00:00+00:00,100.0
EVT-2026S1-0308,EQ-CHILL-188,pressure_bar,alert,high,16,16,5.51,6.74,6.124,0.385,2026-06-05 12:00:00+00:00,2026-06-09 06:00:00+00:00,100.0
EVT-2026S1-0308,EQ-CHILL-188,temperature_c,alert,high,16,16,53.15,68.96,61.001,4.049,2026-06-05 12:00:00+00:00,2026-06-09 06:00:00+00:00,100.0
EVT-2026S1-0326,EQ-OVEN-386,current_a,incident,high,15,15,20.32,28.49,25.235,2.229,2026-05-11 06:00:00+00:00,2026-05-14 18:00:00+00:00,100.0
EVT-2026S1-0326,EQ-OVEN-386,temperature_c,incident,high,15,15,61.24,74.27,67.598,3.539,2026-05-11 06:00:00+00:00,2026-05-14 18:00:00+00:00,100.0
EVT-2026S1-0342,EQ-CONV-262,current_a,intervention,medium,17,17,25.1,32.03,28.471,2.012,2026-05-19 12:00:00+00:00,2026-05-23 12:00:00+00:00,100.0
EVT-2026S1-0342,EQ-CONV-262,rpm,intervention,medium,17,17,1390.49,1540.06,1465.612,36.546,2026-05-19 12:00:00+00:00,2026-05-23 12:00:00+00:00,100.0
EVT-2026S1-0344,EQ-FAN-284,rpm,alert,critical,17,17,1450.78,1690.43,1558.605,69.566,2026-01-08 12:00:00+00:00,2026-01-12 12:00:00+00:00,100.0
EVT-2026S1-0344,EQ-FAN-284,vibration_mm_s,alert,critical,17,17,2.46,4.47,3.486,0.622,2026-01-08 12:00:00+00:00,2026-01-12 12:00:00+00:00,100.0
EVT-2026S1-0350,EQ-PUMP-350,temperature_c,intervention,high,13,13,54.4,63.86,59.142,3.697,2026-06-05 18:00:00+00:00,2026-06-08 18:00:00+00:00,100.0
EVT-2026S1-0350,EQ-PUMP-350,vibration_mm_s,intervention,high,13,13,2.62,3.39,2.928,0.24,2026-06-05 18:00:00+00:00,2026-06-08 18:00:00+00:00,100.0
EVT-2026S1-0361,EQ-PUMP-171,temperature_c,intervention,high,14,14,58.67,65.81,61.811,2.278,2026-06-10 00:00:00+00:00,2026-06-13 06:00:00+00:00,100.0
EVT-2026S1-0361,EQ-PUMP-171,vibration_mm_s,intervention,high,14,14,2.22,3.64,2.851,0.421,2026-06-10 00:00:00+00:00,2026-06-13 06:00:00+00:00,100.0
EVT-2026S1-0364,EQ-FAN-204,vibration_mm_s,incident,critical,18,18,2.76,5.05,3.944,0.715,2026-02-14 12:00:00+00:00,2026-02-18 18:00:00+00:00,100.0
EVT-2026S1-0368,EQ-CHILL-248,pressure_bar,incident,high,13,13,6.31,7.38,6.733,0.322,2026-03-09 06:00:00+00:00,2026-03-12 06:00:00+00:00,100.0
EVT-2026S1-0368,EQ-CHILL-248,temperature_c,incident,high,13,13,47.98,61.25,55.384,4.724,2026-03-09 06:00:00+00:00,2026-03-12 06:00:00+00:00,100.0
EVT-2026S1-0369,EQ-MIX-259,current_a,incident,medium,17,17,18.62,25.6,21.988,1.994,2026-01-22 06:00:00+00:00,2026-01-26 06:00:00+00:00,100.0
EVT-2026S1-0369,EQ-MIX-259,vibration_mm_s,incident,medium,17,17,1.97,3.33,2.606,0.367,2026-01-22 06:00:00+00:00,2026-01-26 06:00:00+00:00,100.0
EVT-2026S1-0371,EQ-MIX-159,current_a,incident,medium,17,17,22.64,29.08,25.751,1.88,2026-05-05 06:00:00+00:00,2026-05-09 06:00:00+00:00,100.0
EVT-2026S1-0371,EQ-MIX-159,vibration_mm_s,incident,medium,17,17,2.28,3.4,2.814,0.343,2026-05-05 06:00:00+00:00,2026-05-09 06:00:00+00:00,100.0
EVT-2026S1-0376,EQ-CONV-336,current_a,intervention,high,18,18,18.4,26.65,22.351,2.115,2026-06-18 18:00:00+00:00,2026-06-23 00:00:00+00:00,100.0
EVT-2026S1-0376,EQ-CONV-336,rpm,intervention,high,18,18,1283.59,1411.48,1347.188,35.998,2026-06-18 18:00:00+00:00,2026-06-23 00:00:00+00:00,100.0
EVT-2026S1-0378,EQ-ROBOT-358,current_a,observation,medium,14,14,17.7,23.87,20.566,1.932,2026-05-30 00:00:00+00:00,2026-06-02 06:00:00+00:00,100.0
EVT-2026S1-0378,EQ-ROBOT-358,vibration_mm_s,observation,medium,14,14,2.25,3.36,2.796,0.336,2026-05-30 00:00:00+00:00,2026-06-02 06:00:00+00:00,100.0
EVT-2026S1-0383,EQ-COMP-113,pressure_bar,incident,high,13,13,5.32,6.35,5.788,0.32,2026-02-02 18:00:00+00:00,2026-02-05 18:00:00+00:00,100.0
EVT-2026S1-0383,EQ-COMP-113,temperature_c,incident,high,13,13,58.7,70.93,65.475,4.188,2026-02-02 18:00:00+00:00,2026-02-05 18:00:00+00:00,100.0
EVT-2026S1-0388,EQ-CHILL-168,pressure_bar,incident,high,12,12,6.33,7.73,6.898,0.364,2026-03-18 06:00:00+00:00,2026-03-21 00:00:00+00:00,100.0
EVT-2026S1-0388,EQ-CHILL-168,temperature_c,incident,high,12,12,56.05,68.5,62.107,4.451,2026-03-18 06:00:00+00:00,2026-03-21 00:00:00+00:00,100.0
EVT-2026S1-0393,EQ-OVEN-223,current_a,observation,low,15,15,20.24,26.26,23.797,1.979,2026-03-24 18:00:00+00:00,2026-03-28 06:00:00+00:00,100.0
EVT-2026S1-0393,EQ-OVEN-223,temperature_c,observation,low,15,15,55.85,66.69,61.638,4.052,2026-03-24 18:00:00+00:00,2026-03-28 06:00:00+00:00,100.0
EVT-2026S1-0431,EQ-STEAM-341,pressure_bar,observation,medium,13,13,5.53,6.35,5.945,0.278,2026-02-16 18:00:00+00:00,2026-02-19 18:00:00+00:00,100.0
EVT-2026S1-0431,EQ-STEAM-341,temperature_c,observation,medium,13,13,48.86,61.8,55.057,3.852,2026-02-16 18:00:00+00:00,2026-02-19 18:00:00+00:00,100.0
EVT-2026S1-0432,EQ-STEAM-352,pressure_bar,observation,medium,17,17,5.91,6.86,6.383,0.263,2026-05-19 12:00:00+00:00,2026-05-23 12:00:00+00:00,100.0
EVT-2026S1-0432,EQ-STEAM-352,temperature_c,observation,medium,17,17,54.31,64.15,59.506,3.358,2026-05-19 12:00:00+00:00,2026-05-23 12:00:00+00:00,100.0
EVT-2026S1-0436,EQ-COMP-396,pressure_bar,incident,medium,15,15,5.69,6.52,6.119,0.228,2026-02-12 06:00:00+00:00,2026-02-15 18:00:00+00:00,100.0
EVT-2026S1-0465,EQ-CHILL-115,pressure_bar,observation,high,14,14,6.62,7.71,7.058,0.293,2026-01-14 00:00:00+00:00,2026-01-17 06:00:00+00:00,100.0
EVT-2026S1-0465,EQ-CHILL-115,temperature_c,observation,high,14,14,54.41,66.55,60.426,3.916,2026-01-14 00:00:00+00:00,2026-01-17 06:00:00+00:00,100.0
EVT-2026S1-0476,EQ-COMP-233,pressure_bar,incident,medium,13,13,6.17,6.98,6.589,0.253,2026-03-19 18:00:00+00:00,2026-03-22 18:00:00+00:00,100.0
EVT-2026S1-0476,EQ-COMP-233,temperature_c,incident,medium,13,13,53.72,64.24,58.077,3.204,2026-03-19 18:00:00+00:00,2026-03-22 18:00:00+00:00,100.0
EVT-2026S1-0484,EQ-CHILL-115,pressure_bar,observation,high,16,16,6.53,7.49,6.944,0.266,2026-06-04 18:00:00+00:00,2026-06-08 12:00:00+00:00,100.0
EVT-2026S1-0484,EQ-CHILL-115,temperature_c,observation,high,16,16,51.71,65.7,59.187,4.222,2026-06-04 18:00:00+00:00,2026-06-08 12:00:00+00:00,100.0
EVT-2026S1-0485,EQ-SENSOR-305,temperature_c,incident,high,17,17,52.13,68.6,59.851,4.38,2026-02-11 06:00:00+00:00,2026-02-15 06:00:00+00:00,100.0
EVT-2026S1-0494,EQ-CAB-134,current_a,intervention,critical,12,12,17.78,24.11,21.242,2.012,2026-01-24 00:00:00+00:00,2026-01-26 18:00:00+00:00,100.0
EVT-2026S1-0494,EQ-CAB-134,temperature_c,intervention,critical,12,12,48.96,59.99,54.556,3.766,2026-01-24 00:00:00+00:00,2026-01-26 18:00:00+00:00,100.0
EVT-2026S1-X004,EQ-OVEN-123,current_a,incident,high,15,15,22.7,30.13,26.323,2.166,2026-03-02 06:00:00+00:00,2026-03-05 18:00:00+00:00,100.0
EVT-2026S1-X004,EQ-OVEN-123,temperature_c,incident,high,15,15,55.17,66.41,62.057,3.627,2026-03-02 06:00:00+00:00,2026-03-05 18:00:00+00:00,100.0
EVT-2026S1-X006,EQ-OVEN-386,current_a,alert,low,17,17,20.14,26.42,23.683,1.957,2026-02-17 00:00:00+00:00,2026-02-21 00:00:00+00:00,100.0
EVT-2026S1-X006,EQ-OVEN-386,temperature_c,alert,low,17,17,55.11,69.92,62.556,4.222,2026-02-17 00:00:00+00:00,2026-02-21 00:00:00+00:00,100.0
EVT-2026S1-X007,EQ-STEAM-352,pressure_bar,incident,high,13,13,5.55,6.51,6.144,0.282,2026-06-02 00:00:00+00:00,2026-06-05 00:00:00+00:00,100.0
EVT-2026S1-X007,EQ-STEAM-352,temperature_c,incident,high,13,13,55.33,68.67,62.755,3.879,2026-06-02 00:00:00+00:00,2026-06-05 00:00:00+00:00,100.0
EVT-2026S1-X008,EQ-CHILL-168,pressure_bar,intervention,high,15,15,6.71,7.42,7.119,0.202,2026-04-24 00:00:00+00:00,2026-04-27 12:00:00+00:00,100.0
EVT-2026S1-X008,EQ-CHILL-168,temperature_c,intervention,high,15,15,55.38,64.07,59.049,3.104,2026-04-24 00:00:00+00:00,2026-04-27 12:00:00+00:00,100.0
EVT-2026S1-X009,EQ-COMP-233,pressure_bar,incident,high,17,17,5.8,6.86,6.316,0.345,2026-06-06 00:00:00+00:00,2026-06-10 00:00:00+00:00,100.0
EVT-2026S1-X009,EQ-COMP-233,temperature_c,incident,high,17,17,54.44,71.26,63.014,4.766,2026-06-06 00:00:00+00:00,2026-06-10 00:00:00+00:00,100.0
EVT-2026S1-X010,EQ-OVEN-366,current_a,intervention,medium,13,13,21.0,26.64,23.738,1.896,2026-03-20 00:00:00+00:00,2026-03-23 00:00:00+00:00,100.0
EVT-2026S1-X010,EQ-OVEN-366,temperature_c,intervention,medium,13,13,47.18,55.75,51.168,2.702,2026-03-20 00:00:00+00:00,2026-03-23 00:00:00+00:00,100.0
EVT-2026S1-X011,EQ-FAN-304,rpm,incident,low,15,15,1465.57,1593.25,1534.179,42.622,2026-01-18 12:00:00+00:00,2026-01-22 00:00:00+00:00,100.0
EVT-2026S1-X011,EQ-FAN-304,vibration_mm_s,incident,low,15,15,2.08,3.06,2.633,0.25,2026-01-18 12:00:00+00:00,2026-01-22 00:00:00+00:00,100.0
EVT-2026S1-X012,EQ-CONV-003,current_a,incident,critical,18,18,20.24,28.21,24.154,2.35,2026-05-18 06:00:00+00:00,2026-05-22 12:00:00+00:00,100.0
EVT-2026S1-X012,EQ-CONV-003,rpm,incident,critical,18,18,1104.53,1337.49,1231.104,59.252,2026-05-18 06:00:00+00:00,2026-05-22 12:00:00+00:00,100.0
EVT-2026S1-X014,EQ-PUMP-171,temperature_c,intervention,medium,18,18,54.9,65.81,60.686,3.751,2026-06-05 18:00:00+00:00,2026-06-10 00:00:00+00:00,100.0
EVT-2026S1-X014,EQ-PUMP-171,vibration_mm_s,intervention,medium,18,18,2.34,3.44,2.899,0.339,2026-06-05 18:00:00+00:00,2026-06-10 00:00:00+00:00,100.0
EVT-2026S1-X016,EQ-COMP-002,pressure_bar,incident,medium,17,17,6.23,7.09,6.644,0.213,2026-05-24 18:00:00+00:00,2026-05-28 18:00:00+00:00,100.0
EVT-2026S1-X016,EQ-COMP-002,temperature_c,incident,medium,17,17,54.2,65.36,59.693,3.845,2026-05-24 18:00:00+00:00,2026-05-28 18:00:00+00:00,100.0
EVT-2026S1-X021,EQ-FAN-002,current_a,incident,medium,16,15,21.76,26.86,23.806,1.399,2026-05-31 06:00:00+00:00,2026-06-04 00:00:00+00:00,93.75
EVT-2026S1-X021,EQ-FAN-002,rpm,incident,medium,16,16,1198.69,1317.29,1245.386,32.875,2026-05-31 06:00:00+00:00,2026-06-04 00:00:00+00:00,100.0
EVT-2026S1-X021,EQ-FAN-002,vibration_mm_s,incident,medium,16,16,2.53,3.64,2.968,0.282,2026-05-31 06:00:00+00:00,2026-06-04 00:00:00+00:00,100.0
EVT-2026S1-X022,EQ-FAN-304,rpm,incident,low,12,12,1427.8,1573.55,1501.93,50.952,2026-04-02 00:00:00+00:00,2026-04-04 18:00:00+00:00,100.0
EVT-2026S1-X022,EQ-FAN-304,vibration_mm_s,incident,low,12,12,2.2,4.3,3.002,0.595,2026-04-02 00:00:00+00:00,2026-04-04 18:00:00+00:00,100.0
EVT-2026S1-X026,EQ-MIX-379,current_a,alert,medium,15,15,17.64,24.53,21.237,1.773,2026-03-06 18:00:00+00:00,2026-03-10 06:00:00+00:00,100.0
EVT-2026S1-X026,EQ-MIX-379,vibration_mm_s,alert,medium,15,15,2.55,3.46,2.872,0.269,2026-03-06 18:00:00+00:00,2026-03-10 06:00:00+00:00,100.0
EVT-2026S1-X027,EQ-CAB-134,current_a,intervention,high,13,13,18.59,23.61,21.225,1.947,2026-01-16 12:00:00+00:00,2026-01-19 12:00:00+00:00,100.0
EVT-2026S1-X027,EQ-CAB-134,temperature_c,intervention,high,13,13,48.99,60.15,54.212,3.643,2026-01-16 12:00:00+00:00,2026-01-19 12:00:00+00:00,100.0
EVT-2026S1-X028,EQ-PUMP-350,temperature_c,observation,critical,16,16,54.86,66.55,60.776,3.821,2026-05-07 12:00:00+00:00,2026-05-11 06:00:00+00:00,100.0
EVT-2026S1-X028,EQ-PUMP-350,vibration_mm_s,observation,critical,16,16,2.57,3.42,2.993,0.258,2026-05-07 12:00:00+00:00,2026-05-11 06:00:00+00:00,100.0
EVT-2026S1-X032,EQ-STEAM-341,pressure_bar,observation,medium,14,14,5.23,6.4,5.951,0.306,2026-04-19 00:00:00+00:00,2026-04-22 06:00:00+00:00,100.0
EVT-2026S1-X032,EQ-STEAM-341,temperature_c,observation,medium,14,14,51.21,60.53,55.566,3.566,2026-04-19 00:00:00+00:00,2026-04-22 06:00:00+00:00,100.0
EVT-2026S1-X033,EQ-PUMP-006,temperature_c,incident,high,17,17,50.78,66.24,58.662,4.382,2026-05-27 00:00:00+00:00,2026-05-31 00:00:00+00:00,100.0
EVT-2026S1-X033,EQ-PUMP-006,vibration_mm_s,incident,high,17,17,2.93,4.42,3.802,0.478,2026-05-27 00:00:00+00:00,2026-05-31 00:00:00+00:00,100.0
EVT-2026S1-X036,EQ-PUMP-001,pressure_bar,incident,low,13,13,5.84,6.42,6.074,0.207,2026-01-07 00:00:00+00:00,2026-01-10 00:00:00+00:00,100.0
EVT-2026S1-X036,EQ-PUMP-001,temperature_c,incident,low,13,13,51.95,64.9,58.308,3.902,2026-01-07 00:00:00+00:00,2026-01-10 00:00:00+00:00,100.0
EVT-2026S1-X036,EQ-PUMP-001,vibration_mm_s,incident,low,13,13,1.92,3.47,2.87,0.396,2026-01-07 02:00:00+00:00,2026-01-10 02:00:00+00:00,100.0
EVT-2026S1-X037,EQ-STEAM-341,pressure_bar,intervention,medium,13,13,5.62,6.43,5.977,0.244,2026-03-15 18:00:00+00:00,2026-03-18 18:00:00+00:00,100.0
EVT-2026S1-X037,EQ-STEAM-341,temperature_c,intervention,medium,13,13,49.56,59.52,55.288,3.323,2026-03-15 18:00:00+00:00,2026-03-18 18:00:00+00:00,100.0
EVT-2026S1-X038,EQ-ROBOT-358,current_a,incident,high,14,14,18.55,26.64,22.737,2.395,2026-05-05 18:00:00+00:00,2026-05-09 00:00:00+00:00,100.0
EVT-2026S1-X038,EQ-ROBOT-358,vibration_mm_s,incident,high,14,14,2.43,4.3,3.287,0.492,2026-05-05 18:00:00+00:00,2026-05-09 00:00:00+00:00,100.0
EVT-2026S1-X039,EQ-CONV-376,current_a,incident,medium,18,18,19.24,23.84,21.595,1.3,2026-04-26 00:00:00+00:00,2026-04-30 06:00:00+00:00,100.0
EVT-2026S1-X039,EQ-CONV-376,rpm,incident,medium,18,18,1446.93,1572.83,1512.957,37.313,2026-04-26 00:00:00+00:00,2026-04-30 06:00:00+00:00,100.0
EVT-2026S1-X040,EQ-FAN-304,rpm,incident,high,15,15,1427.8,1568.89,1500.425,42.139,2026-03-31 06:00:00+00:00,2026-04-03 18:00:00+00:00,100.0
EVT-2026S1-X040,EQ-FAN-304,vibration_mm_s,incident,high,15,15,2.34,4.3,3.135,0.491,2026-03-31 06:00:00+00:00,2026-04-03 18:00:00+00:00,100.0
EVT-2026S1-X042,EQ-COMP-249,pressure_bar,observation,low,15,15,4.83,5.76,5.317,0.228,2026-06-06 00:00:00+00:00,2026-06-09 12:00:00+00:00,100.0
EVT-2026S1-X051,EQ-COMP-396,pressure_bar,incident,low,17,17,5.5,6.52,6.049,0.291,2026-03-19 18:00:00+00:00,2026-03-23 18:00:00+00:00,100.0
EVT-2026S1-X054,EQ-CHILL-188,pressure_bar,incident,high,16,16,5.57,6.76,6.094,0.32,2026-03-01 12:00:00+00:00,2026-03-05 06:00:00+00:00,100.0
EVT-2026S1-X054,EQ-CHILL-188,temperature_c,incident,high,16,16,53.14,67.93,60.817,4.318,2026-03-01 12:00:00+00:00,2026-03-05 06:00:00+00:00,100.0
