equipment_id,equipment_type,site_id,criticality,criticite_ordinale,puissance_kw,age_annees,n_evenements,n_evenements_graves,n_interventions,indisponibilite_min,cout_pieces_eur,n_correctives,part_correctives,instrumente,segment
EQ-CAB-101,electrical_cabinet,SITE-SUD,medium,1.0,47.5,16.06,1.0,1.0,2.0,506.0,1637.01,1,0.5,False,SEG-2
EQ-CAB-112,electrical_cabinet,SITE-EST,low,0.0,61.2,1.82,1.0,1.0,3.0,857.0,1302.29,0,0.0,False,SEG-1
EQ-CAB-123,electrical_cabinet,SITE-SUD,low,0.0,62.8,19.51,1.0,1.0,6.0,1788.0,2287.8900000000003,2,0.3333,False,SEG-1
EQ-CAB-134,electrical_cabinet,SITE-NORD,critical,3.0,34.0,5.51,3.0,2.0,16.0,2541.0,4092.0000000000005,3,0.1875,True,SEG-1
EQ-CAB-145,electrical_cabinet,SITE-EST,medium,1.0,56.2,8.28,1.0,1.0,4.0,1144.0,1895.9999999999998,1,0.25,False,SEG-1
EQ-CAB-206,electrical_cabinet,SITE-SUD,critical,3.0,52.6,10.9,1.0,0.0,4.0,544.0,514.4,0,0.0,False,SEG-2
EQ-CAB-217,electrical_cabinet,SITE-SUD,high,2.0,40.5,18.95,0.0,0.0,0.0,0.0,0.0,0,0.0,False,SEG-INACTIF
EQ-CAB-228,electrical_cabinet,SITE-SUD,low,0.0,38.1,4.46,1.0,0.0,4.0,293.0,253.89000000000001,2,0.5,False,SEG-2
EQ-CAB-239,pump,SITE-SUD,medium,1.0,44.5,18.03,1.0,0.0,2.0,168.0,322.91,0,0.0,False,SEG-2
EQ-CAB-250,electrical_cabinet,SITE-NORD,critical,3.0,46.8,14.56,0.0,0.0,0.0,0.0,0.0,0,0.0,False,SEG-INACTIF
EQ-CHILL-001,chiller,SITE-NORD,low,0.0,63.6,11.18,2.0,1.0,9.0,1568.0,2358.67,1,0.1111,True,SEG-1
EQ-CHILL-002,chiller,SITE-NORD,high,2.0,52.6,8.23,1.0,0.0,3.0,321.0,614.73,1,0.3333,False,SEG-2
EQ-CHILL-104,chiller,SITE-SUD,medium,1.0,56.5,6.7,1.0,1.0,3.0,503.0,635.46,0,0.0,False,SEG-2
EQ-CHILL-108,chiller,SITE-SUD,critical,3.0,73.0,11.8,1.0,1.0,2.0,411.0,162.36,0,0.0,False,SEG-2
EQ-CHILL-115,chiller,SITE-SUD,high,2.0,35.7,16.12,2.0,2.0,4.0,633.0,1071.75,0,0.0,True,SEG-1
EQ-CHILL-128,chiller,SITE-NORD,critical,3.0,70.5,19.2,1.0,1.0,3.0,551.0,635.9399999999999,1,0.3333,False,SEG-2
EQ-CHILL-148,chiller,SITE-EST,medium,1.0,31.1,9.42,0.0,0.0,0.0,0.0,0.0,0,0.0,False,SEG-INACTIF
EQ-CHILL-168,chiller,SITE-NORD,high,2.0,63.9,11.14,3.0,3.0,9.0,1633.0,3443.34,1,0.1111,True,SEG-1
EQ-CHILL-188,chiller,SITE-EST,high,2.0,58.9,3.99,2.0,2.0,6.0,1111.0,1210.6599999999999,1,0.1667,True,SEG-1
EQ-CHILL-208,chiller,SITE-NORD,medium,1.0,41.5,6.0,0.0,0.0,0.0,0.0,0.0,0,0.0,False,SEG-INACTIF
EQ-CHILL-228,chiller,SITE-EST,high,2.0,62.3,4.0,1.0,1.0,3.0,618.0,696.65,0,0.0,False,SEG-2
EQ-CHILL-248,chiller,SITE-NORD,critical,3.0,34.5,16.01,2.0,2.0,3.0,516.0,525.37,1,0.3333,True,SEG-1
EQ-CHILL-268,chiller,SITE-SUD,medium,1.0,66.4,13.29,0.0,0.0,0.0,0.0,0.0,0,0.0,False,SEG-INACTIF
EQ-CHILL-288,chiller,SITE-NORD,medium,1.0,84.0,18.76,2.0,1.0,4.0,564.0,659.9,1,0.25,False,SEG-1
EQ-CHILL-308,chiller,SITE-SUD,medium,1.0,64.5,8.19,1.0,1.0,3.0,517.0,954.3599999999999,0,0.0,False,SEG-2
EQ-CHILL-328,chiller,SITE-NORD,high,2.0,46.9,4.58,1.0,1.0,2.0,305.0,786.81,1,0.5,False,SEG-2
EQ-CHILL-348,chiller,SITE-NORD,medium,1.0,52.5,17.21,1.0,1.0,4.0,727.0,1472.42,1,0.25,False,SEG-1
EQ-CHILL-368,chiller,SITE-EST,medium,1.0,48.2,4.9,1.0,1.0,6.0,1074.0,1959.44,1,0.1667,False,SEG-1
EQ-CHILL-371,chiller,SITE-EST,medium,1.0,72.7,7.2,1.0,1.0,0.0,0.0,0.0,0,0.0,False,SEG-INACTIF
EQ-CHILL-382,chiller,SITE-SUD,high,2.0,38.6,7.44,1.0,1.0,3.0,503.0,380.27,1,0.3333,False,SEG-2
EQ-CHILL-388,chiller,SITE-SUD,medium,1.0,62.7,18.19,0.0,0.0,0.0,0.0,0.0,0,0.0,False,SEG-INACTIF
EQ-CHILL-393,chiller,SITE-SUD,medium,1.0,67.2,5.87,2.0,1.0,10.0,1234.0,1886.15,2,0.2,False,SEG-1
EQ-COMP-001,compressor,SITE-EST,medium,1.0,69.0,12.4,2.0,1.0,10.0,1310.0,1783.04,1,0.1,False,SEG-1
EQ-COMP-002,compressor,SITE-NORD,high,2.0,93.2,18.5,4.0,2.0,10.0,1556.0,1769.6,0,0.0,True,SEG-1
EQ-COMP-003,compressor,SITE-NORD,medium,1.0,93.5,13.49,1.0,1.0,3.0,620.0,534.5899999999999,0,0.0,False,SEG-2
EQ-COMP-107,compressor,SITE-SUD,medium,1.0,105.3,18.6,1.0,0.0,4.0,418.0,416.13,0,0.0,False,SEG-2
EQ-COMP-109,compressor,SITE-EST,medium,1.0,93.3,12.17,1.0,1.0,1.0,153.0,211.92,0,0.0,False,SEG-2
EQ-COMP-113,compressor,SITE-SUD,critical,3.0,92.3,10.33,2.0,2.0,6.0,1014.0,1644.83,0,0.0,True,SEG-1
EQ-COMP-118,compressor,SITE-NORD,high,2.0,80.5,2.67,1.0,0.0,2.0,315.0,503.91999999999996,0,0.0,False,SEG-2
EQ-COMP-129,compressor,SITE-SUD,low,0.0,97.2,13.72,2.0,1.0,3.0,443.0,132.32,1,0.3333,False,SEG-2
EQ-COMP-133,compressor,SITE-SUD,medium,1.0,84.7,17.43,0.0,0.0,0.0,0.0,0.0,0,0.0,False,SEG-INACTIF
EQ-COMP-140,compressor,SITE-OUEST,critical,3.0,95.4,19.15,2.0,1.0,5.0,647.0,618.61,1,0.2,False,SEG-1
EQ-COMP-149,compressor,SITE-OUEST,medium,1.0,77.7,9.35,2.0,2.0,10.0,1939.0,1804.07,3,0.3,False,SEG-1
EQ-COMP-153,compressor,SITE-SUD,low,0.0,121.0,1.69,1.0,1.0,1.0,284.0,62.19,0,0.0,False,SEG-2
EQ-COMP-169,compressor,SITE-NORD,high,2.0,59.0,11.14,1.0,1.0,5.0,714.0,772.0500000000001,2,0.4,False,SEG-1
EQ-COMP-173,compressor,SITE-EST,high,2.0,100.8,18.42,1.0,1.0,6.0,1114.0,1798.48,0,0.0,False,SEG-1
EQ-COMP-189,compressor,SITE-OUEST,critical,3.0,105.9,5.23,1.0,1.0,1.0,201.0,194.72,0,0.0,False,SEG-2
EQ-COMP-193,compressor,SITE-SUD,low,0.0,83.1,16.41,0.0,0.0,0.0,0.0,0.0,0,0.0,False,SEG-INACTIF
EQ-COMP-209,compressor,SITE-EST,critical,3.0,75.7,13.72,1.0,1.0,3.0,499.0,902.14,1,0.3333,False,SEG-2
EQ-COMP-213,compressor,SITE-NORD,high,2.0,80.1,4.34,1.0,1.0,3.0,451.0,530.0899999999999,2,0.6667,False,SEG-2
EQ-COMP-229,compressor,SITE-EST,medium,1.0,77.8,13.6,1.0,1.0,4.0,590.0,806.05,2,0.5,False,SEG-1
EQ-COMP-233,compressor,SITE-NORD,medium,1.0,118.6,16.53,3.0,2.0,8.0,1045.0,2181.77,5,0.625,True,SEG-1
EQ-COMP-249,compressor,SITE-NORD,high,2.0,77.1,2.6,2.0,1.0,8.0,1227.0,1266.84,3,0.375,True,SEG-1
EQ-COMP-253,compressor,SITE-EST,high,2.0,101.8,3.93,0.0,0.0,0.0,0.0,0.0,0,0.0,False,SEG-INACTIF
EQ-COMP-269,compressor,SITE-SUD,medium,1.0,94.8,7.18,1.0,1.0,4.0,717.0,645.6,1,0.25,False,SEG-1
EQ-COMP-273,compressor,SITE-SUD,low,0.0,102.3,4.38,2.0,2.0,5.0,958.0,803.72,2,0.4,False,SEG-1
EQ-COMP-289,compressor,SITE-NORD,low,0.0,60.9,13.88,2.0,2.0,6.0,1107.0,1820.11,2,0.3333,False,SEG-1
EQ-COMP-293,compressor,SITE-SUD,critical,3.0,119.9,20.28,1.0,1.0,8.0,1442.0,2054.69,1,0.125,False,SEG-1
EQ-COMP-309,compressor,SITE-NORD,high,2.0,93.8,17.08,1.0,1.0,4.0,778.0,1058.14,0,0.0,False,SEG-1
EQ-COMP-313,compressor,SITE-NORD,medium,1.0,99.1,13.64,0.0,0.0,0.0,0.0,0.0,0,0.0,False,SEG-INACTIF
EQ-COMP-329,compressor,SITE-SUD,medium,1.0,87.0,4.14,1.0,1.0,1.0,205.0,64.41,1,1.0,False,SEG-2
EQ-COMP-333,compressor,SITE-NORD,low,0.0,109.8,3.96,1.0,1.0,4.0,868.0,1044.36,1,0.25,False,SEG-1
EQ-COMP-349,compressor,SITE-SUD,high,2.0,83.2,10.18,1.0,1.0,1.0,238.0,122.78,0,0.0,False,SEG-2
EQ-COMP-353,compressor,SITE-NORD,high,2.0,74.4,2.26,1.0,1.0,3.0,610.0,810.99,1,0.3333,False,SEG-2
EQ-COMP-369,compressor,SITE-SUD,medium,1.0,100.8,15.05,2.0,2.0,7.0,1249.0,1928.18,1,0.1429,False,SEG-1
EQ-COMP-373,compressor,SITE-NORD,high,2.0,101.6,17.19,0.0,0.0,0.0,0.0,0.0,0,0.0,False,SEG-INACTIF
EQ-COMP-389,compressor,SITE-NORD,low,0.0,79.6,15.23,1.0,1.0,3.0,499.0,773.15,0,0.0,False,SEG-2
EQ-COMP-393,compressor,SITE-EST,medium,1.0,115.2,5.57,1.0,1.0,1.0,114.0,242.54,1,1.0,False,SEG-2
EQ-COMP-396,compressor,SITE-NORD,critical,3.0,91.8,16.35,2.0,0.0,8.0,711.0,944.99,0,0.0,True,SEG-1
EQ-CONV-001,conveyor,SITE-SUD,high,2.0,75.4,14.95,1.0,0.0,2.0,253.0,56.83,0,0.0,False,SEG-2
EQ-CONV-002,conveyor,SITE-NORD,medium,1.0,64.3,15.0,1.0,1.0,4.0,728.0,941.1099999999999,0,0.0,False,SEG-1
EQ-CONV-003,conveyor,SITE-NORD,medium,1.0,85.0,15.24,3.0,1.0,18.0,3069.0,3026.04,6,0.3333,True,SEG-1
EQ-CONV-004,conveyor,SITE-SUD,medium,1.0,67.1,11.53,1.0,1.0,2.0,515.0,718.22,0,0.0,False,SEG-2
EQ-CONV-005,conveyor,SITE-NORD,medium,1.0,54.6,20.4,1.0,0.0,4.0,397.0,302.53000000000003,1,0.25,False,SEG-2
EQ-CONV-102,conveyor,SITE-OUEST,medium,1.0,74.2,20.34,3.0,1.0,10.0,1364.0,659.6600000000001,2,0.2,False,SEG-1
EQ-CONV-116,conveyor,SITE-NORD,medium,1.0,82.2,11.72,2.0,2.0,7.0,1282.0,1873.99,0,0.0,False,SEG-1
EQ-CONV-122,conveyor,SITE-EST,low,0.0,66.7,5.47,1.0,0.0,2.0,236.0,440.2,1,0.5,False,SEG-2
EQ-CONV-126,conveyor,SITE-NORD,medium,1.0,67.5,2.48,1.0,1.0,2.0,347.0,298.27,1,0.5,False,SEG-2
EQ-CONV-136,conveyor,SITE-SUD,low,0.0,33.7,3.4,1.0,1.0,6.0,973.0,1934.08,2,0.3333,False,SEG-1
EQ-CONV-137,conveyor,SITE-SUD,high,2.0,28.2,11.74,1.0,1.0,5.0,911.0,1155.77,1,0.2,False,SEG-1
EQ-CONV-142,conveyor,SITE-EST,low,0.0,57.6,5.97,2.0,0.0,7.0,366.0,531.3399999999999,0,0.0,False,SEG-1
EQ-CONV-148,conveyor,SITE-SUD,medium,1.0,58.9,19.65,1.0,1.0,3.0,440.0,612.63,0,0.0,False,SEG-2
EQ-CONV-156,conveyor,SITE-NORD,high,2.0,95.2,5.58,1.0,1.0,3.0,569.0,417.38,1,0.3333,False,SEG-2
EQ-CONV-159,conveyor,SITE-EST,low,0.0,50.5,7.13,1.0,1.0,3.0,435.0,615.73,0,0.0,False,SEG-2
EQ-CONV-162,conveyor,SITE-SUD,medium,1.0,36.8,18.1,1.0,0.0,4.0,418.0,344.68,2,0.5,False,SEG-2
EQ-CONV-170,conveyor,SITE-NORD,medium,1.0,32.7,14.96,1.0,1.0,1.0,210.0,194.11,0,0.0,False,SEG-2
EQ-CONV-176,conveyor,SITE-EST,medium,1.0,48.9,10.41,1.0,1.0,5.0,888.0,687.61,0,0.0,False,SEG-1
EQ-CONV-182,conveyor,SITE-EST,low,0.0,44.6,4.52,2.0,0.0,7.0,676.0,1174.47,2,0.2857,False,SEG-1
EQ-CONV-196,conveyor,SITE-SUD,high,2.0,49.4,18.36,1.0,1.0,1.0,130.0,51.88,0,0.0,False,SEG-2
EQ-CONV-202,conveyor,SITE-NORD,low,0.0,56.9,19.01,1.0,0.0,5.0,364.0,296.51,0,0.0,False,SEG-2
EQ-CONV-216,conveyor,SITE-NORD,low,0.0,65.7,15.32,1.0,1.0,0.0,0.0,0.0,0,0.0,False,SEG-INACTIF
EQ-CONV-222,conveyor,SITE-SUD,low,0.0,36.8,12.01,1.0,0.0,1.0,57.0,530.43,0,0.0,False,SEG-2
EQ-CONV-236,conveyor,SITE-NORD,medium,1.0,48.3,7.06,1.0,1.0,7.0,1399.0,2090.38,0,0.0,False,SEG-1
EQ-CONV-242,conveyor,SITE-EST,medium,1.0,73.0,13.41,1.0,0.0,4.0,598.0,477.14,1,0.25,False,SEG-2
EQ-CONV-256,conveyor,SITE-SUD,medium,1.0,44.6,17.08,2.0,2.0,8.0,1530.0,1969.43,4,0.5,False,SEG-1
EQ-CONV-262,conveyor,SITE-NORD,high,2.0,74.0,11.82,2.0,0.0,4.0,432.0,439.73,1,0.25,True,SEG-2
EQ-CONV-276,conveyor,SITE-SUD,medium,1.0,66.8,13.63,1.0,1.0,2.0,408.0,260.04,0,0.0,False,SEG-2
EQ-CONV-282,conveyor,SITE-OUEST,medium,1.0,62.9,8.77,2.0,0.0,8.0,707.0,633.85,0,0.0,False,SEG-1
EQ-CONV-296,conveyor,SITE-NORD,critical,3.0,38.7,7.12,1.0,1.0,4.0,763.0,1125.99,0,0.0,False,SEG-1
EQ-CONV-302,conveyor,SITE-SUD,high,2.0,67.4,3.2,1.0,0.0,4.0,425.0,350.93,0,0.0,False,SEG-2
EQ-CONV-316,conveyor,SITE-NORD,medium,1.0,69.0,12.56,1.0,1.0,2.0,351.0,422.72,1,0.5,False,SEG-2
EQ-CONV-322,conveyor,SITE-NORD,medium,1.0,90.8,2.57,0.0,0.0,0.0,0.0,0.0,0,0.0,False,SEG-INACTIF
EQ-CONV-336,conveyor,SITE-NORD,critical,3.0,47.5,19.12,2.0,2.0,6.0,939.0,1517.96,1,0.1667,True,SEG-1
EQ-CONV-342,conveyor,SITE-NORD,low,0.0,39.3,16.5,1.0,0.0,4.0,473.0,528.54,1,0.25,False,SEG-2
EQ-CONV-356,conveyor,SITE-NORD,high,2.0,66.8,15.12,1.0,1.0,5.0,846.0,969.35,0,0.0,False,SEG-1
EQ-CONV-362,conveyor,SITE-EST,medium,1.0,35.7,7.09,2.0,0.0,6.0,551.0,1564.28,2,0.3333,False,SEG-1
EQ-CONV-376,conveyor,SITE-SUD,high,2.0,60.7,18.42,2.0,1.0,6.0,1019.0,950.09,1,0.1667,True,SEG-1
EQ-CONV-382,conveyor,SITE-NORD,medium,1.0,59.3,6.06,1.0,0.0,6.0,482.0,716.0,1,0.1667,False,SEG-2
EQ-CONV-396,conveyor,SITE-NORD,high,2.0,24.1,12.96,1.0,1.0,6.0,1148.0,1162.92,1,0.1667,False,SEG-1
EQ-DRYER-231,dryer,SITE-EST,high,2.0,39.8,16.88,1.0,0.0,4.0,483.0,676.5699999999999,1,0.25,False,SEG-2
EQ-DRYER-242,dryer,SITE-EST,low,0.0,51.5,13.14,1.0,0.0,2.0,259.0,90.1,1,0.5,False,SEG-2
EQ-DRYER-253,dryer,SITE-NORD,high,2.0,63.0,9.77,1.0,0.0,2.0,193.0,98.02,0,0.0,False,SEG-2
EQ-DRYER-264,dryer,SITE-OUEST,high,2.0,66.8,12.45,1.0,0.0,5.0,506.0,314.39,2,0.4,False,SEG-2
EQ-DRYER-275,dryer,SITE-SUD,low,0.0,44.5,12.14,1.0,0.0,2.0,211.0,618.63,0,0.0,False,SEG-2
EQ-FAN-001,fan,SITE-EST,medium,1.0,31.2,14.75,2.0,1.0,8.0,930.0,2038.4,0,0.0,False,SEG-1
EQ-FAN-002,fan,SITE-EST,high,2.0,37.7,10.09,2.0,0.0,5.0,561.0,709.3399999999999,0,0.0,True,SEG-1
EQ-FAN-003,fan,SITE-NORD,critical,3.0,35.1,15.51,1.0,0.0,2.0,86.0,44.44,0,0.0,True,SEG-2
EQ-FAN-004,fan,SITE-SUD,low,0.0,43.9,6.12,1.0,1.0,2.0,517.0,1117.02,1,0.5,False,SEG-2
EQ-FAN-100,fan,SITE-NORD,medium,1.0,44.4,19.67,1.0,0.0,3.0,169.0,198.82999999999998,0,0.0,False,SEG-2
EQ-FAN-104,fan,SITE-OUEST,low,0.0,62.1,9.75,1.0,1.0,3.0,810.0,735.27,2,0.6667,False,SEG-2
EQ-FAN-120,fan,SITE-OUEST,high,2.0,66.6,19.68,1.0,0.0,8.0,419.0,520.42,1,0.125,False,SEG-2
EQ-FAN-124,fan,SITE-OUEST,medium,1.0,67.2,16.73,2.0,2.0,7.0,1900.0,2240.89,2,0.2857,False,SEG-1
EQ-FAN-140,fan,SITE-SUD,medium,1.0,90.1,3.95,2.0,1.0,3.0,188.0,56.1,0,0.0,False,SEG-2
EQ-FAN-144,fan,SITE-EST,medium,1.0,67.2,8.03,2.0,1.0,5.0,665.0,1034.45,2,0.4,False,SEG-1
EQ-FAN-160,fan,SITE-EST,low,0.0,46.2,14.81,2.0,0.0,8.0,466.0,735.02,0,0.0,False,SEG-1
EQ-FAN-164,fan,SITE-SUD,high,2.0,78.8,18.13,1.0,1.0,7.0,1982.0,3604.0299999999997,1,0.1429,False,SEG-1
EQ-FAN-180,fan,SITE-EST,high,2.0,78.9,12.54,1.0,0.0,4.0,382.0,110.86,1,0.25,False,SEG-2
EQ-FAN-184,fan,SITE-SUD,low,0.0,81.7,17.89,1.0,1.0,6.0,1593.0,2617.85,0,0.0,False,SEG-1
EQ-FAN-200,fan,SITE-EST,low,0.0,56.5,10.6,2.0,0.0,12.0,805.0,822.7499999999999,1,0.0833,False,SEG-1
EQ-FAN-204,fan,SITE-EST,critical,3.0,56.7,4.56,2.0,2.0,7.0,1804.0,2285.36,2,0.2857,True,SEG-1
EQ-FAN-220,fan,SITE-SUD,medium,1.0,52.5,9.31,1.0,0.0,3.0,225.0,104.28999999999999,0,0.0,False,SEG-2
EQ-FAN-224,fan,SITE-NORD,high,2.0,59.1,13.66,1.0,1.0,7.0,2214.0,2849.37,3,0.4286,False,SEG-1
EQ-FAN-240,fan,SITE-SUD,high,2.0,45.4,7.83,1.0,0.0,2.0,72.0,154.79,0,0.0,False,SEG-2
EQ-FAN-244,fan,SITE-NORD,high,2.0,78.2,5.74,1.0,1.0,5.0,1227.0,1276.75,1,0.2,False,SEG-1
EQ-FAN-260,fan,SITE-NORD,medium,1.0,74.3,6.61,2.0,0.0,5.0,589.0,160.22,1,0.2,False,SEG-2
EQ-FAN-264,fan,SITE-SUD,high,2.0,51.3,6.46,1.0,1.0,4.0,1101.0,1466.47,0,0.0,False,SEG-1
EQ-FAN-280,fan,SITE-EST,medium,1.0,53.7,20.16,0.0,0.0,0.0,0.0,0.0,0,0.0,False,SEG-INACTIF
EQ-FAN-284,fan,SITE-SUD,medium,1.0,45.8,3.48,3.0,2.0,11.0,2495.0,2643.3,2,0.1818,True,SEG-1
EQ-FAN-300,fan,SITE-NORD,medium,1.0,48.6,18.48,2.0,0.0,10.0,760.0,835.15,1,0.1,False,SEG-1
EQ-FAN-304,fan,SITE-NORD,high,2.0,55.0,12.14,4.0,2.0,11.0,1495.0,2173.65,3,0.2727,True,SEG-1
EQ-FAN-320,fan,SITE-EST,medium,1.0,58.6,3.71,1.0,0.0,3.0,140.0,213.88,1,0.3333,False,SEG-2
EQ-FAN-324,fan,SITE-SUD,high,2.0,43.5,18.18,1.0,1.0,2.0,582.0,1279.78,0,0.0,False,SEG-2
EQ-FAN-340,fan,SITE-NORD,high,2.0,50.8,16.97,1.0,0.0,4.0,236.0,351.58,2,0.5,False,SEG-2
EQ-FAN-344,fan,SITE-SUD,medium,1.0,64.0,13.54,1.0,1.0,8.0,2136.0,2885.15,3,0.375,False,SEG-1
EQ-FAN-360,fan,SITE-SUD,critical,3.0,67.8,11.15,1.0,0.0,3.0,244.0,39.23,0,0.0,False,SEG-2
EQ-FAN-364,fan,SITE-OUEST,medium,1.0,62.4,1.63,1.0,1.0,0.0,0.0,0.0,0,0.0,False,SEG-INACTIF
EQ-FAN-380,fan,SITE-NORD,medium,1.0,84.8,16.82,2.0,0.0,6.0,312.0,670.45,2,0.3333,False,SEG-2
EQ-FAN-384,fan,SITE-SUD,high,2.0,41.5,4.29,1.0,1.0,2.0,444.0,743.49,0,0.0,False,SEG-2
EQ-GEAR-121,gearbox,SITE-EST,medium,1.0,69.5,4.58,1.0,1.0,5.0,673.0,1379.5900000000001,1,0.2,False,SEG-1
EQ-GEAR-132,gearbox,SITE-SUD,high,2.0,72.6,5.38,1.0,1.0,4.0,639.0,848.9000000000001,1,0.25,False,SEG-1
EQ-GEAR-143,gearbox,SITE-NORD,critical,3.0,52.0,4.73,1.0,1.0,3.0,537.0,628.1,2,0.6667,False,SEG-2
EQ-GEAR-154,gearbox,SITE-SUD,medium,1.0,78.0,7.58,1.0,1.0,6.0,1055.0,1362.6699999999998,2,0.3333,False,SEG-1
EQ-GEAR-165,gearbox,SITE-SUD,low,0.0,87.1,16.79,1.0,1.0,6.0,1000.0,1759.98,0,0.0,False,SEG-1
EQ-LIFT-286,lift,SITE-NORD,medium,1.0,75.7,15.52,1.0,1.0,1.0,176.0,52.83,0,0.0,False,SEG-2
EQ-LIFT-297,lift,SITE-NORD,high,2.0,51.9,17.2,1.0,1.0,2.0,352.0,1083.08,0,0.0,False,SEG-2
EQ-LIFT-308,lift,SITE-EST,low,0.0,51.3,5.38,1.0,1.0,4.0,738.0,1271.76,0,0.0,False,SEG-1
EQ-LIFT-319,lift,SITE-SUD,critical,3.0,55.3,18.58,1.0,1.0,3.0,574.0,852.8,0,0.0,False,SEG-2
EQ-LIFT-330,lift,SITE-NORD,medium,1.0,55.7,4.07,1.0,1.0,7.0,1155.0,1242.03,2,0.2857,False,SEG-1
EQ-MIX-001,mixer,SITE-NORD,medium,1.0,48.7,16.75,2.0,0.0,5.0,227.0,105.84,0,0.0,False,SEG-2
EQ-MIX-002,mixer,SITE-NORD,critical,3.0,68.3,5.48,1.0,0.0,2.0,226.0,121.31,0,0.0,False,SEG-2
EQ-MIX-119,mixer,SITE-SUD,medium,1.0,38.3,20.36,1.0,0.0,3.0,343.0,843.96,1,0.3333,False,SEG-2
EQ-MIX-139,mixer,SITE-NORD,low,0.0,45.6,11.23,1.0,0.0,4.0,460.0,495.3,1,0.25,False,SEG-2
EQ-MIX-159,mixer,SITE-NORD,high,2.0,61.2,14.48,2.0,0.0,13.0,1260.0,1964.05,2,0.1538,True,SEG-1
EQ-MIX-179,mixer,SITE-NORD,high,2.0,47.4,15.3,2.0,0.0,9.0,979.0,907.96,0,0.0,False,SEG-1
EQ-MIX-199,mixer,SITE-EST,high,2.0,41.5,9.36,1.0,0.0,1.0,122.0,38.82,1,1.0,False,SEG-2
EQ-MIX-219,mixer,SITE-EST,critical,3.0,65.0,11.47,1.0,0.0,5.0,521.0,625.11,1,0.2,False,SEG-2
EQ-MIX-239,mixer,SITE-EST,high,2.0,49.6,18.66,1.0,0.0,0.0,0.0,0.0,0,0.0,False,SEG-INACTIF
EQ-MIX-259,mixer,SITE-NORD,medium,1.0,41.9,5.35,4.0,0.0,11.0,707.0,1366.0700000000002,2,0.1818,True,SEG-1
EQ-MIX-261,mixer,SITE-NORD,low,0.0,52.1,5.53,1.0,0.0,5.0,655.0,448.38,0,0.0,False,SEG-2
EQ-MIX-272,mixer,SITE-NORD,high,2.0,46.9,3.82,2.0,0.0,6.0,492.0,798.1800000000001,2,0.3333,False,SEG-1
EQ-MIX-279,mixer,SITE-SUD,high,2.0,72.4,14.72,1.0,0.0,7.0,624.0,1112.26,1,0.1429,False,SEG-1
EQ-MIX-283,mixer,SITE-SUD,medium,1.0,100.0,6.15,0.0,0.0,0.0,0.0,0.0,0,0.0,False,SEG-INACTIF
EQ-MIX-294,mixer,SITE-NORD,low,0.0,58.2,11.41,1.0,0.0,4.0,495.0,964.0,1,0.25,False,SEG-2
EQ-MIX-299,mixer,SITE-NORD,medium,1.0,90.4,15.02,1.0,0.0,1.0,72.0,32.06,0,0.0,False,SEG-2
EQ-MIX-305,mixer,SITE-SUD,medium,1.0,45.1,15.86,1.0,0.0,1.0,69.0,15.22,0,0.0,False,SEG-2
EQ-MIX-319,mixer,SITE-EST,medium,1.0,59.0,11.73,1.0,0.0,2.0,99.0,762.6700000000001,1,0.5,False,SEG-2
EQ-MIX-339,mixer,SITE-OUEST,high,2.0,28.0,1.65,2.0,0.0,7.0,747.0,311.78,1,0.1429,False,SEG-1
EQ-MIX-359,mixer,SITE-NORD,high,2.0,65.6,7.34,1.0,0.0,6.0,594.0,692.92,1,0.1667,False,SEG-2
EQ-MIX-379,mixer,SITE-EST,critical,3.0,44.0,11.24,2.0,0.0,7.0,686.0,551.2,1,0.1429,True,SEG-1
EQ-MIX-399,mixer,SITE-NORD,medium,1.0,50.7,8.3,1.0,0.0,3.0,321.0,106.98,0,0.0,False,SEG-2
EQ-MOTOR-311,motor,SITE-NORD,high,2.0,48.0,7.46,1.0,1.0,2.0,344.0,498.36,0,0.0,False,SEG-2
EQ-MOTOR-322,motor,SITE-EST,medium,1.0,43.1,13.12,1.0,1.0,4.0,760.0,1205.3,1,0.25,False,SEG-1
EQ-MOTOR-333,motor,SITE-SUD,medium,1.0,44.7,16.76,1.0,1.0,7.0,1354.0,1443.94,1,0.1429,False,SEG-1
EQ-MOTOR-344,motor,SITE-SUD,medium,1.0,55.9,8.25,1.0,1.0,7.0,1299.0,1917.72,3,0.4286,False,SEG-1
EQ-MOTOR-355,motor,SITE-NORD,high,2.0,36.6,8.99,1.0,1.0,4.0,720.0,1515.52,1,0.25,False,SEG-1
EQ-OVEN-001,oven,SITE-SUD,critical,3.0,114.7,19.38,2.0,1.0,7.0,756.0,780.44,2,0.2857,True,SEG-1
EQ-OVEN-002,oven,SITE-EST,medium,1.0,191.4,3.73,1.0,1.0,5.0,1487.0,2344.92,2,0.4,False,SEG-1
EQ-OVEN-103,oven,SITE-NORD,low,0.0,181.6,13.29,2.0,0.0,1.0,12.0,259.5,0,0.0,False,SEG-2
EQ-OVEN-106,oven,SITE-EST,low,0.0,126.4,11.1,1.0,1.0,7.0,1282.0,2553.43,3,0.4286,False,SEG-1
EQ-OVEN-123,oven,SITE-SUD,high,2.0,121.6,1.98,3.0,1.0,12.0,1152.0,2323.79,1,0.0833,True,SEG-1
EQ-OVEN-126,oven,SITE-EST,high,2.0,189.0,7.24,1.0,1.0,5.0,900.0,926.89,1,0.2,False,SEG-1
EQ-OVEN-143,oven,SITE-SUD,medium,1.0,111.9,5.87,1.0,0.0,6.0,322.0,315.96999999999997,2,0.3333,False,SEG-2
EQ-OVEN-146,oven,SITE-NORD,medium,1.0,125.1,6.23,2.0,2.0,5.0,838.0,917.83,1,0.2,False,SEG-1
EQ-OVEN-163,oven,SITE-NORD,medium,1.0,179.1,2.23,1.0,0.0,3.0,144.0,319.15,1,0.3333,False,SEG-2
EQ-OVEN-166,oven,SITE-SUD,medium,1.0,141.2,2.52,1.0,1.0,3.0,498.0,727.22,1,0.3333,False,SEG-2
EQ-OVEN-183,oven,SITE-NORD,high,2.0,227.8,13.97,1.0,0.0,0.0,0.0,0.0,0,0.0,False,SEG-INACTIF
EQ-OVEN-186,oven,SITE-NORD,high,2.0,258.6,13.52,2.0,1.0,9.0,1012.0,1693.51,0,0.0,False,SEG-1
EQ-OVEN-203,oven,SITE-OUEST,medium,1.0,218.3,18.76,2.0,0.0,4.0,99.0,696.02,0,0.0,False,SEG-2
EQ-OVEN-206,oven,SITE-NORD,medium,1.0,223.6,11.44,1.0,1.0,2.0,313.0,727.47,0,0.0,False,SEG-2
EQ-OVEN-223,oven,SITE-NORD,medium,1.0,202.3,13.37,3.0,0.0,12.0,797.0,1324.11,3,0.25,True,SEG-1
EQ-OVEN-226,oven,SITE-EST,low,0.0,209.1,18.36,2.0,2.0,7.0,1324.0,1485.3799999999999,4,0.5714,False,SEG-1
EQ-OVEN-243,oven,SITE-NORD,high,2.0,223.9,3.4,1.0,0.0,6.0,242.0,185.89999999999998,2,0.3333,False,SEG-2
EQ-OVEN-246,oven,SITE-NORD,critical,3.0,192.7,1.9,1.0,1.0,5.0,869.0,1480.18,1,0.2,False,SEG-1
EQ-OVEN-263,oven,SITE-SUD,medium,1.0,201.0,2.96,1.0,0.0,4.0,259.0,210.31,2,0.5,False,SEG-2
EQ-OVEN-266,oven,SITE-EST,critical,3.0,144.0,11.74,1.0,1.0,5.0,934.0,1252.14,1,0.2,False,SEG-1
EQ-OVEN-283,oven,SITE-EST,critical,3.0,204.9,16.29,1.0,0.0,2.0,134.0,42.739999999999995,0,0.0,False,SEG-2
EQ-OVEN-286,oven,SITE-NORD,high,2.0,121.3,9.5,1.0,1.0,3.0,485.0,1186.45,0,0.0,False,SEG-2
EQ-OVEN-303,oven,SITE-NORD,low,0.0,131.0,2.66,2.0,0.0,7.0,340.0,1072.59,2,0.2857,False,SEG-1
EQ-OVEN-306,oven,SITE-SUD,medium,1.0,223.1,12.47,2.0,2.0,7.0,1204.0,1995.22,0,0.0,False,SEG-1
EQ-OVEN-323,oven,SITE-NORD,medium,1.0,146.3,17.29,1.0,0.0,7.0,445.0,693.6600000000001,2,0.2857,False,SEG-2
EQ-OVEN-326,oven,SITE-EST,high,2.0,208.5,3.07,1.0,1.0,2.0,455.0,504.52,0,0.0,False,SEG-2
EQ-OVEN-343,oven,SITE-NORD,critical,3.0,236.3,4.89,1.0,0.0,3.0,153.0,387.76,0,0.0,False,SEG-2
EQ-OVEN-346,oven,SITE-SUD,medium,1.0,180.2,11.53,1.0,1.0,4.0,791.0,1403.8899999999999,0,0.0,False,SEG-1
EQ-OVEN-363,oven,SITE-SUD,low,0.0,155.0,3.08,1.0,0.0,2.0,117.0,26.369999999999997,0,0.0,False,SEG-2
EQ-OVEN-366,oven,SITE-NORD,critical,3.0,266.8,2.59,2.0,1.0,8.0,1086.0,1313.98,3,0.375,True,SEG-1
EQ-OVEN-383,oven,SITE-NORD,medium,1.0,121.4,12.04,2.0,0.0,8.0,480.0,456.86999999999995,1,0.125,False,SEG-1
EQ-OVEN-386,oven,SITE-SUD,critical,3.0,154.1,6.02,2.0,1.0,0.0,0.0,0.0,0,0.0,True,SEG-INACTIF
EQ-PACK-176,packaging_machine,SITE-NORD,high,2.0,65.3,18.31,1.0,0.0,2.0,222.0,69.03,1,0.5,False,SEG-2
EQ-PACK-187,packaging_machine,SITE-EST,high,2.0,47.7,2.7,1.0,0.0,4.0,381.0,1094.0900000000001,1,0.25,False,SEG-2
EQ-PACK-198,packaging_machine,SITE-NORD,medium,1.0,46.8,7.03,1.0,0.0,8.0,809.0,1921.52,1,0.125,False,SEG-1
EQ-PACK-209,packaging_machine,SITE-EST,medium,1.0,52.4,17.15,2.0,0.0,5.0,577.0,140.78,1,0.2,False,SEG-2
EQ-PACK-220,packaging_machine,SITE-EST,critical,3.0,50.8,12.62,1.0,0.0,2.0,192.0,351.56,2,1.0,False,SEG-2
EQ-PRESS-001,press,SITE-NORD,high,2.0,145.6,15.37,2.0,2.0,7.0,1659.0,2703.52,2,0.2857,False,SEG-1
EQ-PRESS-002,press,SITE-EST,low,0.0,104.0,5.91,1.0,1.0,6.0,1857.0,2313.88,1,0.1667,False,SEG-1
EQ-PRESS-003,press,SITE-NORD,low,0.0,131.8,3.0,1.0,1.0,1.0,140.0,431.65,0,0.0,False,SEG-2
EQ-PRESS-114,press,SITE-EST,critical,3.0,149.2,7.18,1.0,1.0,2.0,457.0,912.0500000000001,1,0.5,False,SEG-2
EQ-PRESS-117,press,SITE-EST,medium,1.0,149.9,4.94,2.0,1.0,10.0,1929.0,2392.56,0,0.0,False,SEG-1
EQ-PRESS-134,press,SITE-NORD,medium,1.0,146.5,2.48,1.0,1.0,1.0,276.0,474.97,0,0.0,False,SEG-2
EQ-PRESS-137,press,SITE-NORD,low,0.0,102.3,8.36,1.0,1.0,1.0,275.0,618.42,0,0.0,False,SEG-2
EQ-PRESS-154,press,SITE-EST,high,2.0,124.7,9.02,1.0,1.0,4.0,1245.0,1542.04,0,0.0,False,SEG-1
EQ-PRESS-157,press,SITE-NORD,high,2.0,132.6,10.21,2.0,2.0,11.0,3070.0,4689.38,1,0.0909,False,SEG-1
EQ-PRESS-174,press,SITE-EST,medium,1.0,73.5,8.9,1.0,1.0,5.0,1300.0,2822.83,0,0.0,False,SEG-1
EQ-PRESS-177,press,SITE-SUD,low,0.0,153.9,20.49,1.0,1.0,4.0,1059.0,1294.79,1,0.25,False,SEG-1
EQ-PRESS-194,press,SITE-SUD,medium,1.0,173.3,18.9,1.0,1.0,6.0,1693.0,2060.07,1,0.1667,False,SEG-1
EQ-PRESS-197,press,SITE-EST,medium,1.0,141.9,12.45,1.0,1.0,3.0,929.0,1019.8899999999999,0,0.0,False,SEG-1
EQ-PRESS-214,press,SITE-SUD,medium,1.0,117.2,8.3,1.0,1.0,4.0,1217.0,1108.31,1,0.25,False,SEG-1
EQ-PRESS-217,press,SITE-EST,high,2.0,137.8,17.66,1.0,1.0,7.0,2016.0,3279.49,2,0.2857,False,SEG-1
EQ-PRESS-234,press,SITE-NORD,high,2.0,120.7,2.86,2.0,2.0,6.0,1652.0,3362.31,0,0.0,False,SEG-1
EQ-PRESS-237,press,SITE-SUD,low,0.0,148.9,14.87,2.0,2.0,10.0,2944.0,3660.05,1,0.1,False,SEG-1
EQ-PRESS-254,press,SITE-EST,medium,1.0,69.4,2.54,1.0,1.0,4.0,1094.0,1645.15,0,0.0,False,SEG-1
EQ-PRESS-257,press,SITE-NORD,medium,1.0,107.3,19.84,1.0,1.0,3.0,820.0,1400.2,1,0.3333,False,SEG-1
EQ-PRESS-274,press,SITE-SUD,high,2.0,99.6,3.56,1.0,1.0,4.0,1111.0,1833.58,1,0.25,False,SEG-1
EQ-PRESS-277,press,SITE-NORD,high,2.0,159.9,5.83,2.0,1.0,7.0,896.0,1375.8799999999999,1,0.1429,False,SEG-1
EQ-PRESS-294,press,SITE-NORD,medium,1.0,119.3,11.07,1.0,1.0,3.0,844.0,1025.44,1,0.3333,False,SEG-1
EQ-PRESS-297,press,SITE-EST,medium,1.0,91.7,13.0,1.0,1.0,4.0,1107.0,988.88,0,0.0,False,SEG-1
EQ-PRESS-314,press,SITE-SUD,low,0.0,108.3,15.79,2.0,2.0,8.0,2176.0,2964.51,2,0.25,False,SEG-1
EQ-PRESS-317,press,SITE-NORD,medium,1.0,95.0,19.47,2.0,2.0,8.0,2363.0,4046.55,1,0.125,False,SEG-1
EQ-PRESS-334,press,SITE-SUD,low,0.0,89.4,10.76,1.0,1.0,5.0,1385.0,1347.67,0,0.0,False,SEG-1
EQ-PRESS-337,press,SITE-SUD,medium,1.0,163.1,14.0,1.0,1.0,2.0,581.0,1064.49,0,0.0,False,SEG-2
EQ-PRESS-354,press,SITE-NORD,high,2.0,107.5,6.64,1.0,1.0,4.0,1101.0,1382.69,0,0.0,False,SEG-1
EQ-PRESS-357,press,SITE-SUD,high,2.0,117.2,7.5,1.0,1.0,4.0,1078.0,1846.49,1,0.25,False,SEG-1
EQ-PRESS-374,press,SITE-NORD,high,2.0,113.8,16.08,1.0,1.0,3.0,882.0,1343.8600000000001,1,0.3333,False,SEG-1
EQ-PRESS-377,press,SITE-EST,medium,1.0,68.0,17.63,1.0,1.0,3.0,774.0,1383.8200000000002,1,0.3333,False,SEG-1
EQ-PRESS-394,press,SITE-EST,medium,1.0,140.1,8.66,2.0,2.0,8.0,2167.0,2679.19,1,0.125,False,SEG-1
EQ-PRESS-397,press,SITE-NORD,medium,1.0,163.7,9.11,1.0,1.0,4.0,1086.0,2012.35,0,0.0,False,SEG-1
EQ-PUMP-001,pump,SITE-NORD,critical,3.0,50.6,19.75,3.0,1.0,14.0,1144.0,2558.98,3,0.2143,True,SEG-1
EQ-PUMP-002,pump,SITE-OUEST,critical,3.0,39.9,11.96,2.0,0.0,3.0,215.0,243.95,0,0.0,False,SEG-2
EQ-PUMP-003,pump,SITE-EST,medium,1.0,33.5,13.65,1.0,0.0,0.0,0.0,0.0,0,0.0,False,SEG-INACTIF
EQ-PUMP-004,pump,SITE-EST,high,2.0,43.3,6.21,1.0,1.0,3.0,548.0,937.03,0,0.0,False,SEG-2
EQ-PUMP-005,pump,SITE-NORD,medium,1.0,56.6,8.56,1.0,1.0,6.0,1051.0,1534.09,1,0.1667,False,SEG-1
EQ-PUMP-006,pump,SITE-NORD,critical,3.0,49.4,12.94,2.0,2.0,6.0,1241.0,2076.44,2,0.3333,True,SEG-1
EQ-PUMP-107,pump,SITE-NORD,medium,1.0,58.4,7.53,1.0,1.0,2.0,276.0,501.03,1,0.5,False,SEG-2
EQ-PUMP-110,pump,SITE-SUD,high,2.0,51.1,13.35,1.0,1.0,3.0,521.0,908.6600000000001,0,0.0,False,SEG-2
EQ-PUMP-111,pump,SITE-NORD,low,0.0,56.3,8.88,1.0,1.0,3.0,616.0,252.9,2,0.6667,False,SEG-2
EQ-PUMP-127,pump,SITE-NORD,medium,1.0,28.4,12.61,2.0,2.0,7.0,1269.0,1692.02,1,0.1429,False,SEG-1
EQ-PUMP-130,pump,SITE-SUD,high,2.0,64.8,18.83,1.0,1.0,5.0,824.0,821.47,2,0.4,False,SEG-1
EQ-PUMP-131,pump,SITE-SUD,medium,1.0,52.2,5.34,1.0,1.0,5.0,822.0,1084.1599999999999,3,0.6,False,SEG-1
EQ-PUMP-147,pump,SITE-SUD,low,0.0,29.7,14.67,1.0,1.0,6.0,949.0,1436.71,0,0.0,False,SEG-1
EQ-PUMP-150,pump,SITE-EST,medium,1.0,69.0,15.45,1.0,1.0,2.0,358.0,487.71999999999997,0,0.0,False,SEG-2
EQ-PUMP-151,pump,SITE-EST,high,2.0,44.3,19.35,1.0,1.0,4.0,742.0,1549.48,0,0.0,False,SEG-1
EQ-PUMP-167,pump,SITE-NORD,medium,1.0,27.7,19.96,1.0,1.0,2.0,421.0,530.71,1,0.5,False,SEG-2
EQ-PUMP-170,pump,SITE-NORD,high,2.0,14.8,19.65,1.0,1.0,8.0,1418.0,1542.99,1,0.125,False,SEG-1
EQ-PUMP-171,pump,SITE-SUD,critical,3.0,44.4,15.38,3.0,2.0,10.0,1671.0,2667.75,2,0.2,True,SEG-1
EQ-PUMP-181,pump,SITE-SUD,high,2.0,56.5,15.26,2.0,1.0,4.0,370.0,537.3,1,0.25,False,SEG-1
EQ-PUMP-187,pump,SITE-NORD,medium,1.0,66.2,13.45,2.0,1.0,8.0,1126.0,911.1899999999999,1,0.125,False,SEG-1
EQ-PUMP-190,pump,SITE-NORD,critical,3.0,36.4,9.46,2.0,2.0,3.0,483.0,570.73,0,0.0,False,SEG-1
EQ-PUMP-191,pump,SITE-SUD,high,2.0,38.8,6.32,1.0,1.0,8.0,1329.0,2414.3,1,0.125,False,SEG-1
EQ-PUMP-192,pump,SITE-NORD,medium,1.0,24.5,3.12,1.0,1.0,4.0,805.0,1278.12,1,0.25,False,SEG-1
EQ-PUMP-203,pump,SITE-SUD,low,0.0,62.9,20.35,1.0,1.0,1.0,187.0,44.94,0,0.0,False,SEG-2
EQ-PUMP-207,pump,SITE-EST,high,2.0,36.6,20.39,1.0,1.0,2.0,318.0,831.9300000000001,1,0.5,False,SEG-2
EQ-PUMP-210,pump,SITE-SUD,high,2.0,39.7,12.92,1.0,1.0,3.0,554.0,726.64,0,0.0,False,SEG-2
EQ-PUMP-211,pump,SITE-NORD,low,0.0,63.2,17.52,1.0,1.0,4.0,772.0,796.8700000000001,0,0.0,False,SEG-1
EQ-PUMP-214,pump,SITE-SUD,medium,1.0,39.3,12.47,2.0,2.0,11.0,1944.0,2891.0699999999997,1,0.0909,False,SEG-1
EQ-PUMP-225,pump,SITE-SUD,medium,1.0,59.0,2.55,1.0,1.0,1.0,182.0,56.08,0,0.0,False,SEG-2
EQ-PUMP-227,pump,SITE-NORD,high,2.0,41.6,15.66,1.0,1.0,5.0,1040.0,1365.6,2,0.4,False,SEG-1
EQ-PUMP-230,pump,SITE-OUEST,low,0.0,46.4,11.45,1.0,1.0,3.0,362.0,141.43,2,0.6667,False,SEG-2
EQ-PUMP-231,pump,SITE-NORD,low,0.0,53.0,19.68,1.0,1.0,6.0,1067.0,1100.02,2,0.3333,False,SEG-1
EQ-PUMP-247,pump,SITE-SUD,medium,1.0,57.6,10.29,1.0,1.0,4.0,654.0,1353.24,0,0.0,False,SEG-1
EQ-PUMP-250,pump,SITE-EST,critical,3.0,45.6,15.89,1.0,1.0,4.0,642.0,1319.35,2,0.5,False,SEG-1
EQ-PUMP-251,pump,SITE-SUD,low,0.0,56.3,18.37,2.0,2.0,4.0,732.0,743.7199999999999,1,0.25,False,SEG-1
EQ-PUMP-267,pump,SITE-SUD,medium,1.0,32.9,13.97,2.0,2.0,9.0,1593.0,2168.27,4,0.4444,False,SEG-1
EQ-PUMP-270,pump,SITE-NORD,high,2.0,35.2,4.77,2.0,2.0,14.0,2413.0,3118.26,2,0.1429,False,SEG-1
EQ-PUMP-271,pump,SITE-SUD,critical,3.0,43.5,4.55,1.0,1.0,3.0,591.0,1008.54,1,0.3333,False,SEG-2
EQ-PUMP-287,pump,SITE-NORD,low,0.0,32.8,9.62,1.0,1.0,1.0,169.0,42.9,0,0.0,False,SEG-2
EQ-PUMP-290,pump,SITE-SUD,low,0.0,27.1,16.67,1.0,1.0,3.0,455.0,960.96,1,0.3333,False,SEG-2
EQ-PUMP-291,pump,SITE-NORD,high,2.0,24.4,5.79,2.0,1.0,1.0,30.0,436.2,0,0.0,False,SEG-2
EQ-PUMP-307,pump,SITE-EST,low,0.0,24.0,1.77,2.0,2.0,8.0,1926.0,3852.14,2,0.25,False,SEG-1
EQ-PUMP-310,pump,SITE-SUD,high,2.0,69.3,16.61,1.0,1.0,1.0,183.0,356.2,0,0.0,False,SEG-2
EQ-PUMP-311,pump,SITE-SUD,medium,1.0,72.7,19.68,1.0,1.0,3.0,510.0,737.34,2,0.6667,False,SEG-2
EQ-PUMP-327,pump,SITE-NORD,medium,1.0,49.0,5.02,1.0,1.0,8.0,1379.0,2100.91,1,0.125,False,SEG-1
EQ-PUMP-330,pump,SITE-SUD,medium,1.0,31.9,12.0,2.0,1.0,6.0,783.0,1178.3,2,0.3333,False,SEG-1
EQ-PUMP-331,pump,SITE-NORD,medium,1.0,64.2,19.38,2.0,1.0,9.0,906.0,1770.74,3,0.3333,False,SEG-1
EQ-PUMP-347,pump,SITE-NORD,medium,1.0,41.6,12.84,2.0,2.0,8.0,1483.0,1438.76,0,0.0,False,SEG-1
EQ-PUMP-350,pump,SITE-NORD,high,2.0,37.3,3.79,3.0,3.0,8.0,1667.0,2136.5299999999997,3,0.375,True,SEG-1
EQ-PUMP-351,pump,SITE-NORD,high,2.0,51.0,19.0,2.0,1.0,8.0,1059.0,1295.97,0,0.0,False,SEG-1
EQ-PUMP-367,pump,SITE-EST,high,2.0,33.4,9.85,1.0,1.0,5.0,1019.0,1057.15,2,0.4,False,SEG-1
EQ-PUMP-370,pump,SITE-NORD,medium,1.0,41.6,9.21,1.0,1.0,3.0,525.0,802.12,0,0.0,False,SEG-2
EQ-PUMP-371,pump,SITE-NORD,high,2.0,19.5,12.88,2.0,1.0,5.0,894.0,1729.84,1,0.2,False,SEG-1
EQ-PUMP-387,pump,SITE-NORD,medium,1.0,49.8,19.25,1.0,1.0,5.0,872.0,853.9399999999999,0,0.0,False,SEG-1
EQ-PUMP-390,pump,SITE-NORD,high,2.0,53.4,6.16,1.0,1.0,8.0,1426.0,2132.9399999999996,0,0.0,False,SEG-1
EQ-PUMP-391,pump,SITE-NORD,medium,1.0,57.6,7.3,2.0,2.0,9.0,1571.0,2657.77,0,0.0,False,SEG-1
EQ-ROBOT-001,robot,SITE-NORD,medium,1.0,41.0,18.74,2.0,2.0,6.0,1022.0,1471.17,1,0.1667,False,SEG-1
EQ-ROBOT-002,robot,SITE-SUD,medium,1.0,40.6,2.44,1.0,0.0,3.0,400.0,381.01,0,0.0,False,SEG-2
EQ-ROBOT-003,robot,SITE-SUD,medium,1.0,33.2,7.64,1.0,0.0,4.0,363.0,521.19,1,0.25,False,SEG-2
EQ-ROBOT-115,robot,SITE-NORD,high,2.0,45.2,5.7,1.0,1.0,4.0,598.0,1433.21,0,0.0,False,SEG-1
EQ-ROBOT-118,robot,SITE-NORD,medium,1.0,41.2,17.74,1.0,0.0,2.0,140.0,49.11,0,0.0,False,SEG-2
EQ-ROBOT-135,robot,SITE-NORD,low,0.0,56.5,17.45,2.0,2.0,3.0,462.0,301.55,1,0.3333,False,SEG-1
EQ-ROBOT-138,robot,SITE-NORD,medium,1.0,40.6,16.77,2.0,0.0,3.0,322.0,473.63,1,0.3333,False,SEG-2
EQ-ROBOT-151,robot,SITE-NORD,critical,3.0,43.0,19.47,1.0,0.0,4.0,416.0,594.16,0,0.0,False,SEG-2
EQ-ROBOT-155,robot,SITE-SUD,low,0.0,34.6,2.9,2.0,1.0,10.0,1229.0,1365.42,1,0.1,False,SEG-1
EQ-ROBOT-158,robot,SITE-SUD,medium,1.0,30.3,10.03,2.0,0.0,7.0,622.0,434.04,3,0.4286,False,SEG-1
EQ-ROBOT-162,robot,SITE-SUD,high,2.0,16.7,15.83,1.0,0.0,2.0,258.0,161.46,0,0.0,False,SEG-2
EQ-ROBOT-173,robot,SITE-OUEST,medium,1.0,52.0,8.36,1.0,0.0,2.0,200.0,0.0,1,0.5,False,SEG-2
EQ-ROBOT-175,robot,SITE-NORD,high,2.0,27.9,8.56,2.0,1.0,13.0,1532.0,2923.89,2,0.1538,False,SEG-1
EQ-ROBOT-178,robot,SITE-SUD,medium,1.0,27.3,5.32,1.0,0.0,5.0,572.0,384.65000000000003,1,0.2,False,SEG-2
EQ-ROBOT-184,robot,SITE-NORD,medium,1.0,38.6,13.14,1.0,0.0,6.0,510.0,441.08000000000004,0,0.0,False,SEG-2
EQ-ROBOT-195,robot,SITE-NORD,medium,1.0,21.8,10.92,2.0,1.0,4.0,678.0,1137.15,0,0.0,False,SEG-1
EQ-ROBOT-198,robot,SITE-EST,low,0.0,49.7,16.66,1.0,0.0,3.0,342.0,469.56,0,0.0,False,SEG-2
EQ-ROBOT-215,robot,SITE-SUD,high,2.0,23.3,7.93,2.0,2.0,10.0,1933.0,2755.64,4,0.4,False,SEG-1
EQ-ROBOT-218,robot,SITE-EST,medium,1.0,25.5,8.66,1.0,0.0,2.0,301.0,275.67,1,0.5,False,SEG-2
EQ-ROBOT-235,robot,SITE-NORD,medium,1.0,33.5,20.43,1.0,1.0,2.0,431.0,585.52,0,0.0,False,SEG-2
EQ-ROBOT-238,robot,SITE-NORD,high,2.0,50.6,12.15,1.0,0.0,2.0,138.0,681.71,0,0.0,False,SEG-2
EQ-ROBOT-255,robot,SITE-NORD,low,0.0,36.0,13.12,1.0,1.0,3.0,496.0,939.03,0,0.0,False,SEG-2
EQ-ROBOT-258,robot,SITE-NORD,critical,3.0,37.2,5.59,1.0,0.0,5.0,494.0,1113.43,0,0.0,False,SEG-2
EQ-ROBOT-275,robot,SITE-EST,medium,1.0,48.4,15.4,2.0,1.0,5.0,542.0,492.01,2,0.4,False,SEG-1
EQ-ROBOT-278,robot,SITE-SUD,medium,1.0,23.9,3.45,2.0,0.0,9.0,994.0,989.0200000000001,3,0.3333,False,SEG-1
EQ-ROBOT-295,robot,SITE-NORD,low,0.0,19.7,19.78,2.0,2.0,8.0,1607.0,2164.46,1,0.125,False,SEG-1
EQ-ROBOT-298,robot,SITE-NORD,medium,1.0,24.9,13.11,1.0,0.0,1.0,125.0,26.07,1,1.0,False,SEG-2
EQ-ROBOT-315,robot,SITE-NORD,medium,1.0,22.9,2.99,1.0,1.0,4.0,907.0,528.41,2,0.5,False,SEG-1
EQ-ROBOT-318,robot,SITE-EST,medium,1.0,26.5,6.93,1.0,0.0,0.0,0.0,0.0,0,0.0,False,SEG-INACTIF
EQ-ROBOT-335,robot,SITE-EST,high,2.0,35.3,18.9,1.0,1.0,6.0,1192.0,1476.08,0,0.0,False,SEG-1
EQ-ROBOT-338,robot,SITE-EST,medium,1.0,27.1,5.96,1.0,0.0,1.0,147.0,168.02,0,0.0,False,SEG-2
EQ-ROBOT-346,robot,SITE-NORD,medium,1.0,23.9,2.1,1.0,1.0,3.0,793.0,1122.5,0,0.0,False,SEG-1
EQ-ROBOT-355,robot,SITE-SUD,medium,1.0,46.9,4.79,1.0,1.0,6.0,1107.0,1921.39,1,0.1667,False,SEG-1
EQ-ROBOT-357,robot,SITE-EST,critical,3.0,38.4,14.26,2.0,1.0,7.0,1191.0,2744.37,2,0.2857,False,SEG-1
EQ-ROBOT-358,robot,SITE-SUD,high,2.0,31.0,14.48,3.0,1.0,5.0,586.0,799.9599999999999,0,0.0,True,SEG-1
EQ-ROBOT-368,robot,SITE-EST,high,2.0,9.1,13.96,2.0,1.0,6.0,1071.0,713.86,2,0.3333,False,SEG-1
EQ-ROBOT-375,robot,SITE-EST,low,0.0,23.9,10.18,1.0,1.0,4.0,763.0,684.47,1,0.25,False,SEG-1
EQ-ROBOT-378,robot,SITE-SUD,critical,3.0,40.1,16.77,1.0,0.0,6.0,539.0,1265.6100000000001,1,0.1667,False,SEG-2
EQ-ROBOT-379,robot,SITE-NORD,high,2.0,37.6,8.66,1.0,1.0,5.0,1519.0,1970.98,1,0.2,False,SEG-1
EQ-ROBOT-390,robot,SITE-NORD,medium,1.0,31.5,13.19,1.0,1.0,2.0,600.0,1046.6100000000001,1,0.5,False,SEG-2
EQ-ROBOT-395,robot,SITE-NORD,medium,1.0,29.8,12.19,1.0,1.0,4.0,757.0,961.03,2,0.5,False,SEG-1
EQ-ROBOT-398,robot,SITE-SUD,high,2.0,26.9,16.76,1.0,0.0,2.0,124.0,38.78,2,1.0,False,SEG-2
EQ-SENSOR-105,sensor,SITE-SUD,high,2.0,86.4,16.14,2.0,0.0,2.0,169.0,305.14,1,0.5,False,SEG-2
EQ-SENSOR-125,sensor,SITE-NORD,medium,1.0,77.2,15.49,1.0,0.0,3.0,359.0,93.4,0,0.0,False,SEG-2
EQ-SENSOR-145,sensor,SITE-NORD,critical,3.0,68.7,14.7,0.0,0.0,0.0,0.0,0.0,0,0.0,False,SEG-INACTIF
EQ-SENSOR-165,sensor,SITE-NORD,medium,1.0,66.6,19.32,2.0,0.0,7.0,722.0,458.19,2,0.2857,False,SEG-1
EQ-SENSOR-185,sensor,SITE-NORD,critical,3.0,66.8,11.13,2.0,0.0,12.0,1452.0,2234.4,2,0.1667,False,SEG-1
EQ-SENSOR-205,sensor,SITE-SUD,medium,1.0,87.7,2.53,1.0,0.0,1.0,95.0,55.55,0,0.0,False,SEG-2
EQ-SENSOR-225,sensor,SITE-SUD,medium,1.0,57.2,5.82,1.0,0.0,3.0,356.0,386.84999999999997,0,0.0,False,SEG-2
EQ-SENSOR-245,sensor,SITE-NORD,low,0.0,24.4,17.52,2.0,0.0,6.0,638.0,1103.82,2,0.3333,False,SEG-1
EQ-SENSOR-265,sensor,SITE-NORD,medium,1.0,55.5,9.56,0.0,0.0,0.0,0.0,0.0,0,0.0,False,SEG-INACTIF
EQ-SENSOR-285,sensor,SITE-EST,high,2.0,54.3,11.82,1.0,0.0,5.0,470.0,265.0,2,0.4,False,SEG-2
EQ-SENSOR-305,sensor,SITE-NORD,medium,1.0,71.6,12.26,2.0,1.0,5.0,744.0,562.72,2,0.4,True,SEG-1
EQ-SENSOR-325,sensor,SITE-EST,medium,1.0,71.8,16.66,0.0,0.0,0.0,0.0,0.0,0,0.0,False,SEG-INACTIF
EQ-SENSOR-345,sensor,SITE-SUD,medium,1.0,98.3,12.96,1.0,0.0,5.0,529.0,390.4,1,0.2,False,SEG-2
EQ-SENSOR-365,sensor,SITE-SUD,low,0.0,47.6,18.77,1.0,0.0,2.0,130.0,518.62,0,0.0,False,SEG-2
EQ-SENSOR-385,sensor,SITE-SUD,low,0.0,54.3,10.89,0.0,0.0,0.0,0.0,0.0,0,0.0,False,SEG-INACTIF
EQ-STEAM-341,steam_unit,SITE-SUD,high,2.0,46.5,5.31,3.0,0.0,9.0,854.0,1027.55,2,0.2222,True,SEG-1
EQ-STEAM-352,steam_unit,SITE-EST,medium,1.0,56.9,2.83,2.0,1.0,9.0,1335.0,2473.16,2,0.2222,True,SEG-1
EQ-STEAM-363,steam_unit,SITE-SUD,medium,1.0,71.0,12.8,1.0,0.0,3.0,306.0,284.84000000000003,2,0.6667,False,SEG-2
EQ-STEAM-374,steam_unit,SITE-SUD,high,2.0,58.2,12.47,1.0,0.0,4.0,374.0,307.17,1,0.25,False,SEG-2
EQ-STEAM-385,steam_unit,SITE-NORD,medium,1.0,48.5,13.29,1.0,0.0,4.0,435.0,414.67,2,0.5,False,SEG-2
EQ-VALVE-110,valve,SITE-NORD,high,2.0,80.6,4.9,1.0,0.0,4.0,452.0,303.82,0,0.0,False,SEG-2
EQ-VALVE-156,valve,SITE-NORD,high,2.0,71.3,5.95,1.0,0.0,3.0,167.0,178.59,0,0.0,False,SEG-2
EQ-VALVE-167,valve,SITE-NORD,low,0.0,53.3,15.24,1.0,0.0,4.0,259.0,128.52,0,0.0,False,SEG-2
EQ-VALVE-178,valve,SITE-EST,medium,1.0,70.1,18.03,1.0,0.0,2.0,107.0,222.16,0,0.0,False,SEG-2
EQ-VALVE-189,valve,SITE-EST,medium,1.0,60.5,11.11,1.0,0.0,3.0,127.0,261.21,0,0.0,False,SEG-2
EQ-VALVE-200,valve,SITE-NORD,low,0.0,57.7,3.38,2.0,0.0,4.0,266.0,572.0699999999999,1,0.25,False,SEG-2
EQ-VALVE-316,valve,SITE-SUD,high,2.0,45.3,16.47,1.0,0.0,4.0,251.0,285.96000000000004,3,0.75,False,SEG-2
EQ-VALVE-327,valve,SITE-SUD,high,2.0,50.4,10.98,1.0,0.0,5.0,408.0,414.77,1,0.2,False,SEG-2
EQ-VALVE-338,valve,SITE-NORD,medium,1.0,63.8,14.4,2.0,1.0,2.0,238.0,492.92,1,0.5,False,SEG-2
EQ-VALVE-349,valve,SITE-NORD,medium,1.0,50.9,3.61,0.0,0.0,0.0,0.0,0.0,0,0.0,False,SEG-INACTIF
EQ-VALVE-360,valve,SITE-NORD,critical,3.0,83.9,15.29,2.0,1.0,2.0,305.0,297.58000000000004,0,0.0,False,SEG-2
EQ-VALVE-366,valve,SITE-SUD,low,0.0,79.4,13.18,1.0,0.0,3.0,373.0,903.47,0,0.0,False,SEG-2
EQ-VALVE-377,valve,SITE-SUD,high,2.0,80.7,15.53,1.0,0.0,3.0,312.0,357.2,0,0.0,False,SEG-2
EQ-VALVE-388,valve,SITE-SUD,high,2.0,51.3,15.59,2.0,0.0,9.0,1004.0,1520.22,3,0.3333,False,SEG-1
EQ-VALVE-399,valve,SITE-SUD,low,0.0,47.4,16.46,1.0,0.0,6.0,608.0,613.77,2,0.3333,False,SEG-2
EQ-EXTRA-401,robot,SITE-SUD,medium,1.0,35.6,12.04,0.0,0.0,0.0,0.0,0.0,0,0.0,False,SEG-INACTIF
EQ-EXTRA-402,chiller,SITE-SUD,medium,1.0,57.4,9.35,0.0,0.0,0.0,0.0,0.0,0,0.0,False,SEG-INACTIF
EQ-EXTRA-403,motor,SITE-SUD,high,2.0,59.4,10.29,0.0,0.0,0.0,0.0,0.0,0,0.0,False,SEG-INACTIF
EQ-EXTRA-404,valve,SITE-SUD,high,2.0,65.3,10.33,0.0,0.0,0.0,0.0,0.0,0,0.0,False,SEG-INACTIF
EQ-EXTRA-405,dryer,SITE-EST,medium,1.0,58.8,18.23,2.0,0.0,8.0,870.0,1093.3899999999999,2,0.25,False,SEG-1
EQ-EXTRA-406,robot,SITE-EST,medium,1.0,52.1,5.73,0.0,0.0,0.0,0.0,0.0,0,0.0,False,SEG-INACTIF
EQ-EXTRA-407,gearbox,SITE-NORD,medium,1.0,56.4,12.46,0.0,0.0,0.0,0.0,0.0,0,0.0,False,SEG-INACTIF
EQ-EXTRA-408,dryer,SITE-NORD,critical,3.0,40.1,16.23,0.0,0.0,0.0,0.0,0.0,0,0.0,False,SEG-INACTIF
EQ-EXTRA-409,packaging_machine,SITE-OUEST,low,0.0,34.0,11.04,0.0,0.0,0.0,0.0,0.0,0,0.0,False,SEG-INACTIF
EQ-EXTRA-410,oven,SITE-EST,low,0.0,253.5,3.99,0.0,0.0,0.0,0.0,0.0,0,0.0,False,SEG-INACTIF
EQ-EXTRA-411,electrical_cabinet,SITE-EST,medium,1.0,44.4,9.37,0.0,0.0,0.0,0.0,0.0,0,0.0,False,SEG-INACTIF
EQ-EXTRA-412,valve,SITE-NORD,high,2.0,44.2,14.51,0.0,0.0,0.0,0.0,0.0,0,0.0,False,SEG-INACTIF
EQ-EXTRA-413,electrical_cabinet,SITE-SUD,high,2.0,71.5,18.35,0.0,0.0,0.0,0.0,0.0,0,0.0,False,SEG-INACTIF
EQ-EXTRA-414,oven,SITE-SUD,medium,1.0,262.4,11.1,1.0,0.0,5.0,500.0,543.16,0,0.0,False,SEG-2
EQ-EXTRA-415,electrical_cabinet,SITE-EST,low,0.0,61.3,1.82,0.0,0.0,0.0,0.0,0.0,0,0.0,False,SEG-INACTIF
EQ-EXTRA-416,press,SITE-SUD,high,2.0,75.2,4.21,0.0,0.0,0.0,0.0,0.0,0,0.0,False,SEG-INACTIF
EQ-EXTRA-417,motor,SITE-SUD,medium,1.0,67.6,10.77,0.0,0.0,0.0,0.0,0.0,0,0.0,False,SEG-INACTIF
EQ-EXTRA-418,oven,SITE-NORD,high,2.0,144.4,6.03,0.0,0.0,0.0,0.0,0.0,0,0.0,False,SEG-INACTIF
EQ-EXTRA-419,valve,SITE-SUD,high,2.0,59.0,5.83,0.0,0.0,0.0,0.0,0.0,0,0.0,False,SEG-INACTIF
EQ-EXTRA-420,dryer,SITE-SUD,low,0.0,53.8,15.98,1.0,0.0,4.0,441.0,649.3299999999999,1,0.25,False,SEG-2
EQ-EXTRA-421,compressor,SITE-EST,high,2.0,127.2,15.73,1.0,0.0,3.0,194.0,325.61,1,0.3333,False,SEG-2
EQ-EXTRA-422,valve,SITE-NORD,medium,1.0,58.8,17.32,1.0,0.0,4.0,250.0,315.21999999999997,0,0.0,False,SEG-2
EQ-EXTRA-423,valve,SITE-SUD,low,0.0,73.0,11.84,0.0,0.0,0.0,0.0,0.0,0,0.0,False,SEG-INACTIF
EQ-EXTRA-424,sensor,SITE-NORD,low,0.0,68.0,4.08,0.0,0.0,0.0,0.0,0.0,0,0.0,False,SEG-INACTIF
EQ-EXTRA-425,gearbox,SITE-EST,high,2.0,78.8,15.82,0.0,0.0,0.0,0.0,0.0,0,0.0,False,SEG-INACTIF
EQ-EXTRA-426,valve,SITE-EST,low,0.0,61.6,3.35,0.0,0.0,0.0,0.0,0.0,0,0.0,False,SEG-INACTIF
EQ-EXTRA-427,gearbox,SITE-NORD,high,2.0,68.9,9.8,0.0,0.0,0.0,0.0,0.0,0,0.0,False,SEG-INACTIF
EQ-EXTRA-428,packaging_machine,SITE-NORD,low,0.0,70.0,10.44,0.0,0.0,0.0,0.0,0.0,0,0.0,False,SEG-INACTIF
