soumission,fichier,nature,hypothese,lignes,series,provenance_declaree,colonnes_absentes,colonnes_inattendues,R-SCHEMA,R-FORMAT,R-RANGE,R-UNIT,R-KEY,R-FK,R-PRECISION,total_signalements,part_lignes_signalees,capteurs_signales_distribution,debut,fin
T1-00,sensor_readings.csv,témoin — livraison de référence du module,"La livraison publiée n'est pas exempte de défauts : le brief 2 annonce que les lignes authentiques du lot de contrôle portent les anomalies de qualité du M3. J'attends donc des comptages non nuls, surtout sur R-FORMAT et R-RANGE. R-DISTRIB sera trivialement conforme, ce fichier étant celui qui sert à calculer le profil de référence.",50401,72,False,,,0,1445,856,804,10,30,0,3145,0.0624,,2025-12-28T06:00:00Z,2026-07-04T12:00:00Z
T1-01,temoin_reel.csv,"témoin — notre préparation du brief 1, janvier, 2 capteurs","Notre préparation conserve 5 lignes hors période et 720 hors grille de 6 h sur 50 277. Sur la fenêtre du témoin, j'attends un taux de signalement faible mais non nul, porté par R-FORMAT. C'est ce taux qui servira de seuil de lecture pour toutes les soumissions suivantes.",4080,34,True,,,0,120,4,0,0,0,0,124,0.0304,,2026-01-02T00:00:00Z,2026-01-31T20:00:00Z
T1-02,mesures_PROC-GEN-MARG-V1.csv,génération — tirage marginal,"Le tirage rejoue des valeurs observées sur une grille construite par nos soins : plage physique, unité, précision, période et pas de 6 h sont corrects par construction. J'attends **zéro ligne signalée** et une R-DISTRIB conforme — alors que l'étape 3 a mesuré une autocorrélation nulle (+0,02 au rang 2 contre −0,759 sur le réel). Si l'hypothèse se vérifie, ce fichier est la démonstration que le silence du détecteur ne prouve rien.",1984,16,True,,,0,0,0,0,0,0,0,0,0.0,,2026-01-01T00:00:00Z,2026-01-31T18:00:00Z
T1-03,mesures_PROC-GEN-SMOTE-V1.csv,génération — interpolation entre voisins,"Même conformité de forme attendue, donc zéro ligne signalée. Le point à surveiller est le ratio d'écart-type de R-DISTRIB : l'étape 3 a mesuré une contraction de dispersion de 15 à 22 %, effet structurel de l'interpolation. Le détecteur signale sous 0,70 ; j'attends un ratio inférieur à 1 mais au-dessus du seuil, donc un défaut réel visible dans le détail et non signalé.",1799,15,True,,,0,0,0,0,0,0,0,0,0.0,,2026-01-02T00:00:00Z,2026-01-31T18:00:00Z
T1-04,exemple_PROC-AUG-BRUIT.csv,"augmentation — bruit gaussien, σ = 2 % de l'écart-type","Un bruit de 2 % ne déplace ni le niveau ni la dispersion de façon mesurable. J'attends zéro ligne signalée. En revanche ce fichier ne porte pas de colonne `provenance` et traîne une colonne de travail `row_identifier` : le détecteur devrait le dire, et ce serait un manquement au contrat de transmission.",721,1,False,,row_identifier,0,721,0,0,0,0,0,721,1.0,,2025-12-29T12:00:00Z,2026-06-30T20:00:00Z
T1-05,exemple_PROC-AUG-ECHELLE.csv,"augmentation — mise à l'échelle ×1,05","Un défaut d'étalonnage de 5 % décale la moyenne d'environ 0,05 écart-type de référence, très en deçà du seuil de 0,8 utilisé par R-DISTRIB. J'attends donc **aucun signalement**, alors que la fiche de l'étape 2 classe ce procédé comme destructeur de l'ordre de grandeur. Le détecteur devrait laisser passer un défaut que nous avons nous-mêmes documenté.",721,1,False,,row_identifier,0,721,0,0,0,0,0,721,1.0,,2025-12-29T12:00:00Z,2026-06-30T20:00:00Z
T1-06,exemple_PROC-AUG-DECALAGE.csv,augmentation — décalage temporel de +18 h,"18 h est un multiple de 6 h : la grille est préservée et R-FORMAT ne devrait se déclencher que sur les lignes poussées hors de la période. Comme la série de départ commence avant le 1er janvier, j'attends un R-FORMAT faible mais non nul, sans autre famille.",721,1,False,,row_identifier,0,721,0,0,0,0,0,721,1.0,,2025-12-30T06:00:00Z,2026-07-01T14:00:00Z
T1-07,exemple_PROC-AUG-PERMUT.csv,augmentation — permutation de blocs de 24 h,"La permutation conserve la population de valeurs **exactement** et ne touche pas aux horodatages. Toutes les familles de règles regardent la ligne, jamais l'ordre : j'attends zéro signalement sur une série dont la structure temporelle est détruite. C'est le second cas d'aveuglement, et le plus net des deux.",721,1,False,,row_identifier,0,721,0,0,0,0,0,721,1.0,,2025-12-29T12:00:00Z,2026-06-30T20:00:00Z
T1-08,exemple_PROC-AUG-DEFORM.csv,"augmentation — déformation de l'axe temporel ×U(0,75 ; 1,25)","Chaque intervalle est étiré ou comprimé : les horodatages quittent la grille de 6 h dès la première déformation. J'attends un R-FORMAT proche de la totalité des lignes. Ce serait le seul de nos procédés que le détecteur attrape franchement — et il l'attrape parce que le défaut est visible ligne à ligne, pas parce qu'il comprend la série.",721,1,False,,row_identifier,0,721,0,0,0,0,0,721,1.0,,2025-12-29T12:00:00Z,2026-07-01T17:12:31Z
