equipment_id,timestamp,sensor_name,value,unit,period,row_identifier
EQ-PUMP-001,2025-12-29 12:00:00+00:00,vibration_mm_s,2.71,mm/s,2026-S1,EQ-PUMP-001|2025-12-29T12:00:00Z|vibration_mm_s
EQ-PUMP-001,2026-01-02 02:00:00+00:00,vibration_mm_s,2.93,mm/s,2026-S1,EQ-PUMP-001|2026-01-02T02:00:00Z|vibration_mm_s
EQ-PUMP-001,2026-01-02 08:00:00+00:00,vibration_mm_s,2.85,mm/s,2026-S1,EQ-PUMP-001|2026-01-02T08:00:00Z|vibration_mm_s
EQ-PUMP-001,2026-01-02 14:00:00+00:00,vibration_mm_s,2.64,mm/s,2026-S1,EQ-PUMP-001|2026-01-02T14:00:00Z|vibration_mm_s
EQ-PUMP-001,2026-01-02 20:00:00+00:00,vibration_mm_s,2.49,mm/s,2026-S1,EQ-PUMP-001|2026-01-02T20:00:00Z|vibration_mm_s
EQ-PUMP-001,2026-01-03 02:00:00+00:00,vibration_mm_s,2.42,mm/s,2026-S1,EQ-PUMP-001|2026-01-03T02:00:00Z|vibration_mm_s
EQ-PUMP-001,2026-01-03 08:00:00+00:00,vibration_mm_s,3.2,mm/s,2026-S1,EQ-PUMP-001|2026-01-03T08:00:00Z|vibration_mm_s
EQ-PUMP-001,2026-01-03 14:00:00+00:00,vibration_mm_s,2.49,mm/s,2026-S1,EQ-PUMP-001|2026-01-03T14:00:00Z|vibration_mm_s
EQ-PUMP-001,2026-01-03 20:00:00+00:00,vibration_mm_s,2.13,mm/s,2026-S1,EQ-PUMP-001|2026-01-03T20:00:00Z|vibration_mm_s
EQ-PUMP-001,2026-01-04 02:00:00+00:00,vibration_mm_s,2.79,mm/s,2026-S1,EQ-PUMP-001|2026-01-04T02:00:00Z|vibration_mm_s
EQ-PUMP-001,2026-01-04 08:00:00+00:00,vibration_mm_s,3.13,mm/s,2026-S1,EQ-PUMP-001|2026-01-04T08:00:00Z|vibration_mm_s
EQ-PUMP-001,2026-01-04 14:00:00+00:00,vibration_mm_s,2.44,mm/s,2026-S1,EQ-PUMP-001|2026-01-04T14:00:00Z|vibration_mm_s
EQ-PUMP-001,2026-01-04 20:00:00+00:00,vibration_mm_s,2.5,mm/s,2026-S1,EQ-PUMP-001|2026-01-04T20:00:00Z|vibration_mm_s
EQ-PUMP-001,2026-01-05 02:00:00+00:00,vibration_mm_s,3.05,mm/s,2026-S1,EQ-PUMP-001|2026-01-05T02:00:00Z|vibration_mm_s
EQ-PUMP-001,2026-01-05 08:00:00+00:00,vibration_mm_s,3.35,mm/s,2026-S1,EQ-PUMP-001|2026-01-05T08:00:00Z|vibration_mm_s
EQ-PUMP-001,2026-01-05 14:00:00+00:00,vibration_mm_s,2.98,mm/s,2026-S1,EQ-PUMP-001|2026-01-05T14:00:00Z|vibration_mm_s
EQ-PUMP-001,2026-01-05 20:00:00+00:00,vibration_mm_s,2.5,mm/s,2026-S1,EQ-PUMP-001|2026-01-05T20:00:00Z|vibration_mm_s
EQ-PUMP-001,2026-01-06 02:00:00+00:00,vibration_mm_s,3.09,mm/s,2026-S1,EQ-PUMP-001|2026-01-06T02:00:00Z|vibration_mm_s
EQ-PUMP-001,2026-01-06 08:00:00+00:00,vibration_mm_s,3.31,mm/s,2026-S1,EQ-PUMP-001|2026-01-06T08:00:00Z|vibration_mm_s
EQ-PUMP-001,2026-01-06 14:00:00+00:00,vibration_mm_s,3.29,mm/s,2026-S1,EQ-PUMP-001|2026-01-06T14:00:00Z|vibration_mm_s
EQ-PUMP-001,2026-01-06 20:00:00+00:00,vibration_mm_s,2.53,mm/s,2026-S1,EQ-PUMP-001|2026-01-06T20:00:00Z|vibration_mm_s
EQ-PUMP-001,2026-01-07 02:00:00+00:00,vibration_mm_s,2.86,mm/s,2026-S1,EQ-PUMP-001|2026-01-07T02:00:00Z|vibration_mm_s
EQ-PUMP-001,2026-01-07 08:00:00+00:00,vibration_mm_s,2.74,mm/s,2026-S1,EQ-PUMP-001|2026-01-07T08:00:00Z|vibration_mm_s
EQ-PUMP-001,2026-01-07 14:00:00+00:00,vibration_mm_s,2.72,mm/s,2026-S1,EQ-PUMP-001|2026-01-07T14:00:00Z|vibration_mm_s
EQ-PUMP-001,2026-01-07 20:00:00+00:00,vibration_mm_s,2.75,mm/s,2026-S1,EQ-PUMP-001|2026-01-07T20:00:00Z|vibration_mm_s
EQ-PUMP-001,2026-01-08 02:00:00+00:00,vibration_mm_s,2.52,mm/s,2026-S1,EQ-PUMP-001|2026-01-08T02:00:00Z|vibration_mm_s
EQ-PUMP-001,2026-01-08 08:00:00+00:00,vibration_mm_s,3.47,mm/s,2026-S1,EQ-PUMP-001|2026-01-08T08:00:00Z|vibration_mm_s
EQ-PUMP-001,2026-01-08 14:00:00+00:00,vibration_mm_s,3.1,mm/s,2026-S1,EQ-PUMP-001|2026-01-08T14:00:00Z|vibration_mm_s
EQ-PUMP-001,2026-01-08 20:00:00+00:00,vibration_mm_s,1.92,mm/s,2026-S1,EQ-PUMP-001|2026-01-08T20:00:00Z|vibration_mm_s
EQ-PUMP-001,2026-01-09 02:00:00+00:00,vibration_mm_s,3.16,mm/s,2026-S1,EQ-PUMP-001|2026-01-09T02:00:00Z|vibration_mm_s
EQ-PUMP-001,2026-01-09 08:00:00+00:00,vibration_mm_s,3.29,mm/s,2026-S1,EQ-PUMP-001|2026-01-09T08:00:00Z|vibration_mm_s
EQ-PUMP-001,2026-01-09 14:00:00+00:00,vibration_mm_s,2.83,mm/s,2026-S1,EQ-PUMP-001|2026-01-09T14:00:00Z|vibration_mm_s
EQ-PUMP-001,2026-01-09 20:00:00+00:00,vibration_mm_s,2.74,mm/s,2026-S1,EQ-PUMP-001|2026-01-09T20:00:00Z|vibration_mm_s
EQ-PUMP-001,2026-01-10 02:00:00+00:00,vibration_mm_s,3.23,mm/s,2026-S1,EQ-PUMP-001|2026-01-10T02:00:00Z|vibration_mm_s
EQ-PUMP-001,2026-01-10 08:00:00+00:00,vibration_mm_s,3.35,mm/s,2026-S1,EQ-PUMP-001|2026-01-10T08:00:00Z|vibration_mm_s
EQ-PUMP-001,2026-01-10 14:00:00+00:00,vibration_mm_s,2.8,mm/s,2026-S1,EQ-PUMP-001|2026-01-10T14:00:00Z|vibration_mm_s
EQ-PUMP-001,2026-01-10 20:00:00+00:00,vibration_mm_s,2.45,mm/s,2026-S1,EQ-PUMP-001|2026-01-10T20:00:00Z|vibration_mm_s
EQ-PUMP-001,2026-01-11 02:00:00+00:00,vibration_mm_s,3.17,mm/s,2026-S1,EQ-PUMP-001|2026-01-11T02:00:00Z|vibration_mm_s
EQ-PUMP-001,2026-01-11 08:00:00+00:00,vibration_mm_s,3.28,mm/s,2026-S1,EQ-PUMP-001|2026-01-11T08:00:00Z|vibration_mm_s
EQ-PUMP-001,2026-01-11 14:00:00+00:00,vibration_mm_s,2.37,mm/s,2026-S1,EQ-PUMP-001|2026-01-11T14:00:00Z|vibration_mm_s
EQ-PUMP-001,2026-01-11 20:00:00+00:00,vibration_mm_s,2.79,mm/s,2026-S1,EQ-PUMP-001|2026-01-11T20:00:00Z|vibration_mm_s
EQ-PUMP-001,2026-01-12 02:00:00+00:00,vibration_mm_s,2.72,mm/s,2026-S1,EQ-PUMP-001|2026-01-12T02:00:00Z|vibration_mm_s
EQ-PUMP-001,2026-01-12 08:00:00+00:00,vibration_mm_s,3.13,mm/s,2026-S1,EQ-PUMP-001|2026-01-12T08:00:00Z|vibration_mm_s
EQ-PUMP-001,2026-01-12 14:00:00+00:00,vibration_mm_s,3.48,mm/s,2026-S1,EQ-PUMP-001|2026-01-12T14:00:00Z|vibration_mm_s
EQ-PUMP-001,2026-01-12 20:00:00+00:00,vibration_mm_s,2.81,mm/s,2026-S1,EQ-PUMP-001|2026-01-12T20:00:00Z|vibration_mm_s
EQ-PUMP-001,2026-01-13 02:00:00+00:00,vibration_mm_s,3.13,mm/s,2026-S1,EQ-PUMP-001|2026-01-13T02:00:00Z|vibration_mm_s
EQ-PUMP-001,2026-01-13 08:00:00+00:00,vibration_mm_s,3.61,mm/s,2026-S1,EQ-PUMP-001|2026-01-13T08:00:00Z|vibration_mm_s
EQ-PUMP-001,2026-01-13 14:00:00+00:00,vibration_mm_s,2.65,mm/s,2026-S1,EQ-PUMP-001|2026-01-13T14:00:00Z|vibration_mm_s
EQ-PUMP-001,2026-01-13 20:00:00+00:00,vibration_mm_s,2.76,mm/s,2026-S1,EQ-PUMP-001|2026-01-13T20:00:00Z|vibration_mm_s
EQ-PUMP-001,2026-01-14 02:00:00+00:00,vibration_mm_s,3.18,mm/s,2026-S1,EQ-PUMP-001|2026-01-14T02:00:00Z|vibration_mm_s
EQ-PUMP-001,2026-01-14 08:00:00+00:00,vibration_mm_s,3.33,mm/s,2026-S1,EQ-PUMP-001|2026-01-14T08:00:00Z|vibration_mm_s
EQ-PUMP-001,2026-01-14 14:00:00+00:00,vibration_mm_s,3.07,mm/s,2026-S1,EQ-PUMP-001|2026-01-14T14:00:00Z|vibration_mm_s
EQ-PUMP-001,2026-01-14 20:00:00+00:00,vibration_mm_s,2.62,mm/s,2026-S1,EQ-PUMP-001|2026-01-14T20:00:00Z|vibration_mm_s
EQ-PUMP-001,2026-01-15 02:00:00+00:00,vibration_mm_s,2.7,mm/s,2026-S1,EQ-PUMP-001|2026-01-15T02:00:00Z|vibration_mm_s
EQ-PUMP-001,2026-01-15 08:00:00+00:00,vibration_mm_s,3.45,mm/s,2026-S1,EQ-PUMP-001|2026-01-15T08:00:00Z|vibration_mm_s
EQ-PUMP-001,2026-01-15 14:00:00+00:00,vibration_mm_s,2.98,mm/s,2026-S1,EQ-PUMP-001|2026-01-15T14:00:00Z|vibration_mm_s
EQ-PUMP-001,2026-01-15 20:00:00+00:00,vibration_mm_s,2.56,mm/s,2026-S1,EQ-PUMP-001|2026-01-15T20:00:00Z|vibration_mm_s
EQ-PUMP-001,2026-01-16 02:00:00+00:00,vibration_mm_s,2.82,mm/s,2026-S1,EQ-PUMP-001|2026-01-16T02:00:00Z|vibration_mm_s
EQ-PUMP-001,2026-01-16 08:00:00+00:00,vibration_mm_s,3.67,mm/s,2026-S1,EQ-PUMP-001|2026-01-16T08:00:00Z|vibration_mm_s
EQ-PUMP-001,2026-01-16 14:00:00+00:00,vibration_mm_s,2.8,mm/s,2026-S1,EQ-PUMP-001|2026-01-16T14:00:00Z|vibration_mm_s
EQ-PUMP-001,2026-01-16 20:00:00+00:00,vibration_mm_s,2.35,mm/s,2026-S1,EQ-PUMP-001|2026-01-16T20:00:00Z|vibration_mm_s
EQ-PUMP-001,2026-01-17 02:00:00+00:00,vibration_mm_s,2.76,mm/s,2026-S1,EQ-PUMP-001|2026-01-17T02:00:00Z|vibration_mm_s
EQ-PUMP-001,2026-01-17 08:00:00+00:00,vibration_mm_s,3.19,mm/s,2026-S1,EQ-PUMP-001|2026-01-17T08:00:00Z|vibration_mm_s
EQ-PUMP-001,2026-01-17 14:00:00+00:00,vibration_mm_s,2.58,mm/s,2026-S1,EQ-PUMP-001|2026-01-17T14:00:00Z|vibration_mm_s
EQ-PUMP-001,2026-01-17 20:00:00+00:00,vibration_mm_s,2.51,mm/s,2026-S1,EQ-PUMP-001|2026-01-17T20:00:00Z|vibration_mm_s
EQ-PUMP-001,2026-01-18 02:00:00+00:00,vibration_mm_s,2.59,mm/s,2026-S1,EQ-PUMP-001|2026-01-18T02:00:00Z|vibration_mm_s
EQ-PUMP-001,2026-01-18 08:00:00+00:00,vibration_mm_s,2.69,mm/s,2026-S1,EQ-PUMP-001|2026-01-18T08:00:00Z|vibration_mm_s
EQ-PUMP-001,2026-01-18 14:00:00+00:00,vibration_mm_s,2.22,mm/s,2026-S1,EQ-PUMP-001|2026-01-18T14:00:00Z|vibration_mm_s
EQ-PUMP-001,2026-01-18 20:00:00+00:00,vibration_mm_s,2.52,mm/s,2026-S1,EQ-PUMP-001|2026-01-18T20:00:00Z|vibration_mm_s
EQ-PUMP-001,2026-01-19 02:00:00+00:00,vibration_mm_s,2.93,mm/s,2026-S1,EQ-PUMP-001|2026-01-19T02:00:00Z|vibration_mm_s
EQ-PUMP-001,2026-01-19 08:00:00+00:00,vibration_mm_s,3.54,mm/s,2026-S1,EQ-PUMP-001|2026-01-19T08:00:00Z|vibration_mm_s
EQ-PUMP-001,2026-01-19 14:00:00+00:00,vibration_mm_s,2.77,mm/s,2026-S1,EQ-PUMP-001|2026-01-19T14:00:00Z|vibration_mm_s
EQ-PUMP-001,2026-01-19 20:00:00+00:00,vibration_mm_s,2.64,mm/s,2026-S1,EQ-PUMP-001|2026-01-19T20:00:00Z|vibration_mm_s
EQ-PUMP-001,2026-01-20 02:00:00+00:00,vibration_mm_s,3.14,mm/s,2026-S1,EQ-PUMP-001|2026-01-20T02:00:00Z|vibration_mm_s
EQ-PUMP-001,2026-01-20 08:00:00+00:00,vibration_mm_s,3.35,mm/s,2026-S1,EQ-PUMP-001|2026-01-20T08:00:00Z|vibration_mm_s
EQ-PUMP-001,2026-01-20 14:00:00+00:00,vibration_mm_s,3.07,mm/s,2026-S1,EQ-PUMP-001|2026-01-20T14:00:00Z|vibration_mm_s
EQ-PUMP-001,2026-01-20 20:00:00+00:00,vibration_mm_s,2.69,mm/s,2026-S1,EQ-PUMP-001|2026-01-20T20:00:00Z|vibration_mm_s
EQ-PUMP-001,2026-01-21 02:00:00+00:00,vibration_mm_s,2.96,mm/s,2026-S1,EQ-PUMP-001|2026-01-21T02:00:00Z|vibration_mm_s
EQ-PUMP-001,2026-01-21 08:00:00+00:00,vibration_mm_s,3.3,mm/s,2026-S1,EQ-PUMP-001|2026-01-21T08:00:00Z|vibration_mm_s
EQ-PUMP-001,2026-01-21 14:00:00+00:00,vibration_mm_s,2.6,mm/s,2026-S1,EQ-PUMP-001|2026-01-21T14:00:00Z|vibration_mm_s
EQ-PUMP-001,2026-01-21 20:00:00+00:00,vibration_mm_s,2.76,mm/s,2026-S1,EQ-PUMP-001|2026-01-21T20:00:00Z|vibration_mm_s
EQ-PUMP-001,2026-01-22 02:00:00+00:00,vibration_mm_s,3.13,mm/s,2026-S1,EQ-PUMP-001|2026-01-22T02:00:00Z|vibration_mm_s
EQ-PUMP-001,2026-01-22 08:00:00+00:00,vibration_mm_s,3.39,mm/s,2026-S1,EQ-PUMP-001|2026-01-22T08:00:00Z|vibration_mm_s
EQ-PUMP-001,2026-01-22 14:00:00+00:00,vibration_mm_s,2.99,mm/s,2026-S1,EQ-PUMP-001|2026-01-22T14:00:00Z|vibration_mm_s
EQ-PUMP-001,2026-01-22 20:00:00+00:00,vibration_mm_s,2.61,mm/s,2026-S1,EQ-PUMP-001|2026-01-22T20:00:00Z|vibration_mm_s
EQ-PUMP-001,2026-01-23 02:00:00+00:00,vibration_mm_s,3.03,mm/s,2026-S1,EQ-PUMP-001|2026-01-23T02:00:00Z|vibration_mm_s
EQ-PUMP-001,2026-01-23 08:00:00+00:00,vibration_mm_s,3.43,mm/s,2026-S1,EQ-PUMP-001|2026-01-23T08:00:00Z|vibration_mm_s
EQ-PUMP-001,2026-01-23 14:00:00+00:00,vibration_mm_s,2.89,mm/s,2026-S1,EQ-PUMP-001|2026-01-23T14:00:00Z|vibration_mm_s
EQ-PUMP-001,2026-01-23 20:00:00+00:00,vibration_mm_s,2.3,mm/s,2026-S1,EQ-PUMP-001|2026-01-23T20:00:00Z|vibration_mm_s
EQ-PUMP-001,2026-01-24 02:00:00+00:00,vibration_mm_s,3.07,mm/s,2026-S1,EQ-PUMP-001|2026-01-24T02:00:00Z|vibration_mm_s
EQ-PUMP-001,2026-01-24 08:00:00+00:00,vibration_mm_s,3.6,mm/s,2026-S1,EQ-PUMP-001|2026-01-24T08:00:00Z|vibration_mm_s
EQ-PUMP-001,2026-01-24 14:00:00+00:00,vibration_mm_s,2.62,mm/s,2026-S1,EQ-PUMP-001|2026-01-24T14:00:00Z|vibration_mm_s
EQ-PUMP-001,2026-01-24 20:00:00+00:00,vibration_mm_s,2.34,mm/s,2026-S1,EQ-PUMP-001|2026-01-24T20:00:00Z|vibration_mm_s
EQ-PUMP-001,2026-01-25 02:00:00+00:00,vibration_mm_s,3.25,mm/s,2026-S1,EQ-PUMP-001|2026-01-25T02:00:00Z|vibration_mm_s
EQ-PUMP-001,2026-01-25 08:00:00+00:00,vibration_mm_s,3.17,mm/s,2026-S1,EQ-PUMP-001|2026-01-25T08:00:00Z|vibration_mm_s
EQ-PUMP-001,2026-01-25 14:00:00+00:00,vibration_mm_s,2.61,mm/s,2026-S1,EQ-PUMP-001|2026-01-25T14:00:00Z|vibration_mm_s
EQ-PUMP-001,2026-01-25 20:00:00+00:00,vibration_mm_s,2.44,mm/s,2026-S1,EQ-PUMP-001|2026-01-25T20:00:00Z|vibration_mm_s
EQ-PUMP-001,2026-01-26 02:00:00+00:00,vibration_mm_s,2.81,mm/s,2026-S1,EQ-PUMP-001|2026-01-26T02:00:00Z|vibration_mm_s
EQ-PUMP-001,2026-01-26 08:00:00+00:00,vibration_mm_s,3.22,mm/s,2026-S1,EQ-PUMP-001|2026-01-26T08:00:00Z|vibration_mm_s
EQ-PUMP-001,2026-01-26 14:00:00+00:00,vibration_mm_s,3.01,mm/s,2026-S1,EQ-PUMP-001|2026-01-26T14:00:00Z|vibration_mm_s
EQ-PUMP-001,2026-01-26 20:00:00+00:00,vibration_mm_s,2.51,mm/s,2026-S1,EQ-PUMP-001|2026-01-26T20:00:00Z|vibration_mm_s
EQ-PUMP-001,2026-01-27 02:00:00+00:00,vibration_mm_s,2.87,mm/s,2026-S1,EQ-PUMP-001|2026-01-27T02:00:00Z|vibration_mm_s
EQ-PUMP-001,2026-01-27 08:00:00+00:00,vibration_mm_s,3.41,mm/s,2026-S1,EQ-PUMP-001|2026-01-27T08:00:00Z|vibration_mm_s
EQ-PUMP-001,2026-01-27 14:00:00+00:00,vibration_mm_s,2.68,mm/s,2026-S1,EQ-PUMP-001|2026-01-27T14:00:00Z|vibration_mm_s
EQ-PUMP-001,2026-01-27 20:00:00+00:00,vibration_mm_s,2.48,mm/s,2026-S1,EQ-PUMP-001|2026-01-27T20:00:00Z|vibration_mm_s
EQ-PUMP-001,2026-01-28 02:00:00+00:00,vibration_mm_s,2.87,mm/s,2026-S1,EQ-PUMP-001|2026-01-28T02:00:00Z|vibration_mm_s
EQ-PUMP-001,2026-01-28 08:00:00+00:00,vibration_mm_s,2.46,mm/s,2026-S1,EQ-PUMP-001|2026-01-28T08:00:00Z|vibration_mm_s
EQ-PUMP-001,2026-01-28 14:00:00+00:00,vibration_mm_s,2.62,mm/s,2026-S1,EQ-PUMP-001|2026-01-28T14:00:00Z|vibration_mm_s
EQ-PUMP-001,2026-01-28 20:00:00+00:00,vibration_mm_s,2.47,mm/s,2026-S1,EQ-PUMP-001|2026-01-28T20:00:00Z|vibration_mm_s
EQ-PUMP-001,2026-01-29 02:00:00+00:00,vibration_mm_s,2.99,mm/s,2026-S1,EQ-PUMP-001|2026-01-29T02:00:00Z|vibration_mm_s
EQ-PUMP-001,2026-01-29 08:00:00+00:00,vibration_mm_s,3.29,mm/s,2026-S1,EQ-PUMP-001|2026-01-29T08:00:00Z|vibration_mm_s
EQ-PUMP-001,2026-01-29 14:00:00+00:00,vibration_mm_s,2.78,mm/s,2026-S1,EQ-PUMP-001|2026-01-29T14:00:00Z|vibration_mm_s
EQ-PUMP-001,2026-01-29 20:00:00+00:00,vibration_mm_s,2.48,mm/s,2026-S1,EQ-PUMP-001|2026-01-29T20:00:00Z|vibration_mm_s
EQ-PUMP-001,2026-01-30 02:00:00+00:00,vibration_mm_s,3.01,mm/s,2026-S1,EQ-PUMP-001|2026-01-30T02:00:00Z|vibration_mm_s
EQ-PUMP-001,2026-01-30 08:00:00+00:00,vibration_mm_s,2.59,mm/s,2026-S1,EQ-PUMP-001|2026-01-30T08:00:00Z|vibration_mm_s
EQ-PUMP-001,2026-01-30 14:00:00+00:00,vibration_mm_s,2.65,mm/s,2026-S1,EQ-PUMP-001|2026-01-30T14:00:00Z|vibration_mm_s
EQ-PUMP-001,2026-01-30 20:00:00+00:00,vibration_mm_s,2.35,mm/s,2026-S1,EQ-PUMP-001|2026-01-30T20:00:00Z|vibration_mm_s
EQ-PUMP-001,2026-01-31 02:00:00+00:00,vibration_mm_s,2.6,mm/s,2026-S1,EQ-PUMP-001|2026-01-31T02:00:00Z|vibration_mm_s
EQ-PUMP-001,2026-01-31 08:00:00+00:00,vibration_mm_s,2.7,mm/s,2026-S1,EQ-PUMP-001|2026-01-31T08:00:00Z|vibration_mm_s
EQ-PUMP-001,2026-01-31 14:00:00+00:00,vibration_mm_s,2.78,mm/s,2026-S1,EQ-PUMP-001|2026-01-31T14:00:00Z|vibration_mm_s
EQ-PUMP-001,2026-01-31 20:00:00+00:00,vibration_mm_s,2.21,mm/s,2026-S1,EQ-PUMP-001|2026-01-31T20:00:00Z|vibration_mm_s
EQ-PUMP-001,2026-02-01 02:00:00+00:00,vibration_mm_s,2.9,mm/s,2026-S1,EQ-PUMP-001|2026-02-01T02:00:00Z|vibration_mm_s
EQ-PUMP-001,2026-02-01 08:00:00+00:00,vibration_mm_s,2.74,mm/s,2026-S1,EQ-PUMP-001|2026-02-01T08:00:00Z|vibration_mm_s
EQ-PUMP-001,2026-02-01 14:00:00+00:00,vibration_mm_s,3.01,mm/s,2026-S1,EQ-PUMP-001|2026-02-01T14:00:00Z|vibration_mm_s
EQ-PUMP-001,2026-02-01 20:00:00+00:00,vibration_mm_s,2.75,mm/s,2026-S1,EQ-PUMP-001|2026-02-01T20:00:00Z|vibration_mm_s
EQ-PUMP-001,2026-02-02 02:00:00+00:00,vibration_mm_s,2.94,mm/s,2026-S1,EQ-PUMP-001|2026-02-02T02:00:00Z|vibration_mm_s
EQ-PUMP-001,2026-02-02 08:00:00+00:00,vibration_mm_s,3.22,mm/s,2026-S1,EQ-PUMP-001|2026-02-02T08:00:00Z|vibration_mm_s
EQ-PUMP-001,2026-02-02 14:00:00+00:00,vibration_mm_s,2.82,mm/s,2026-S1,EQ-PUMP-001|2026-02-02T14:00:00Z|vibration_mm_s
EQ-PUMP-001,2026-02-02 20:00:00+00:00,vibration_mm_s,2.42,mm/s,2026-S1,EQ-PUMP-001|2026-02-02T20:00:00Z|vibration_mm_s
EQ-PUMP-001,2026-02-03 02:00:00+00:00,vibration_mm_s,2.53,mm/s,2026-S1,EQ-PUMP-001|2026-02-03T02:00:00Z|vibration_mm_s
EQ-PUMP-001,2026-02-03 08:00:00+00:00,vibration_mm_s,3.38,mm/s,2026-S1,EQ-PUMP-001|2026-02-03T08:00:00Z|vibration_mm_s
EQ-PUMP-001,2026-02-03 14:00:00+00:00,vibration_mm_s,3.27,mm/s,2026-S1,EQ-PUMP-001|2026-02-03T14:00:00Z|vibration_mm_s
EQ-PUMP-001,2026-02-03 20:00:00+00:00,vibration_mm_s,2.5,mm/s,2026-S1,EQ-PUMP-001|2026-02-03T20:00:00Z|vibration_mm_s
EQ-PUMP-001,2026-02-04 02:00:00+00:00,vibration_mm_s,2.75,mm/s,2026-S1,EQ-PUMP-001|2026-02-04T02:00:00Z|vibration_mm_s
EQ-PUMP-001,2026-02-04 08:00:00+00:00,vibration_mm_s,3.23,mm/s,2026-S1,EQ-PUMP-001|2026-02-04T08:00:00Z|vibration_mm_s
EQ-PUMP-001,2026-02-04 14:00:00+00:00,vibration_mm_s,2.91,mm/s,2026-S1,EQ-PUMP-001|2026-02-04T14:00:00Z|vibration_mm_s
EQ-PUMP-001,2026-02-04 20:00:00+00:00,vibration_mm_s,2.74,mm/s,2026-S1,EQ-PUMP-001|2026-02-04T20:00:00Z|vibration_mm_s
EQ-PUMP-001,2026-02-05 02:00:00+00:00,vibration_mm_s,2.59,mm/s,2026-S1,EQ-PUMP-001|2026-02-05T02:00:00Z|vibration_mm_s
EQ-PUMP-001,2026-02-05 08:00:00+00:00,vibration_mm_s,3.07,mm/s,2026-S1,EQ-PUMP-001|2026-02-05T08:00:00Z|vibration_mm_s
EQ-PUMP-001,2026-02-05 14:00:00+00:00,vibration_mm_s,2.52,mm/s,2026-S1,EQ-PUMP-001|2026-02-05T14:00:00Z|vibration_mm_s
EQ-PUMP-001,2026-02-05 20:00:00+00:00,vibration_mm_s,2.32,mm/s,2026-S1,EQ-PUMP-001|2026-02-05T20:00:00Z|vibration_mm_s
EQ-PUMP-001,2026-02-06 02:00:00+00:00,vibration_mm_s,3.01,mm/s,2026-S1,EQ-PUMP-001|2026-02-06T02:00:00Z|vibration_mm_s
EQ-PUMP-001,2026-02-06 08:00:00+00:00,vibration_mm_s,3.25,mm/s,2026-S1,EQ-PUMP-001|2026-02-06T08:00:00Z|vibration_mm_s
EQ-PUMP-001,2026-02-06 14:00:00+00:00,vibration_mm_s,2.86,mm/s,2026-S1,EQ-PUMP-001|2026-02-06T14:00:00Z|vibration_mm_s
EQ-PUMP-001,2026-02-06 20:00:00+00:00,vibration_mm_s,2.91,mm/s,2026-S1,EQ-PUMP-001|2026-02-06T20:00:00Z|vibration_mm_s
EQ-PUMP-001,2026-02-07 02:00:00+00:00,vibration_mm_s,2.52,mm/s,2026-S1,EQ-PUMP-001|2026-02-07T02:00:00Z|vibration_mm_s
EQ-PUMP-001,2026-02-07 08:00:00+00:00,vibration_mm_s,3.32,mm/s,2026-S1,EQ-PUMP-001|2026-02-07T08:00:00Z|vibration_mm_s
EQ-PUMP-001,2026-02-07 14:00:00+00:00,vibration_mm_s,2.65,mm/s,2026-S1,EQ-PUMP-001|2026-02-07T14:00:00Z|vibration_mm_s
EQ-PUMP-001,2026-02-07 20:00:00+00:00,vibration_mm_s,2.19,mm/s,2026-S1,EQ-PUMP-001|2026-02-07T20:00:00Z|vibration_mm_s
EQ-PUMP-001,2026-02-08 02:00:00+00:00,vibration_mm_s,2.52,mm/s,2026-S1,EQ-PUMP-001|2026-02-08T02:00:00Z|vibration_mm_s
EQ-PUMP-001,2026-02-08 08:00:00+00:00,vibration_mm_s,3.1,mm/s,2026-S1,EQ-PUMP-001|2026-02-08T08:00:00Z|vibration_mm_s
EQ-PUMP-001,2026-02-08 14:00:00+00:00,vibration_mm_s,2.76,mm/s,2026-S1,EQ-PUMP-001|2026-02-08T14:00:00Z|vibration_mm_s
EQ-PUMP-001,2026-02-08 20:00:00+00:00,vibration_mm_s,2.45,mm/s,2026-S1,EQ-PUMP-001|2026-02-08T20:00:00Z|vibration_mm_s
EQ-PUMP-001,2026-02-09 02:00:00+00:00,vibration_mm_s,2.94,mm/s,2026-S1,EQ-PUMP-001|2026-02-09T02:00:00Z|vibration_mm_s
EQ-PUMP-001,2026-02-09 08:00:00+00:00,vibration_mm_s,3.46,mm/s,2026-S1,EQ-PUMP-001|2026-02-09T08:00:00Z|vibration_mm_s
EQ-PUMP-001,2026-02-09 14:00:00+00:00,vibration_mm_s,2.66,mm/s,2026-S1,EQ-PUMP-001|2026-02-09T14:00:00Z|vibration_mm_s
EQ-PUMP-001,2026-02-09 20:00:00+00:00,vibration_mm_s,2.7,mm/s,2026-S1,EQ-PUMP-001|2026-02-09T20:00:00Z|vibration_mm_s
EQ-PUMP-001,2026-02-10 02:00:00+00:00,vibration_mm_s,3.08,mm/s,2026-S1,EQ-PUMP-001|2026-02-10T02:00:00Z|vibration_mm_s
EQ-PUMP-001,2026-02-10 08:00:00+00:00,vibration_mm_s,3.49,mm/s,2026-S1,EQ-PUMP-001|2026-02-10T08:00:00Z|vibration_mm_s
EQ-PUMP-001,2026-02-10 14:00:00+00:00,vibration_mm_s,3.37,mm/s,2026-S1,EQ-PUMP-001|2026-02-10T14:00:00Z|vibration_mm_s
EQ-PUMP-001,2026-02-10 20:00:00+00:00,vibration_mm_s,2.3,mm/s,2026-S1,EQ-PUMP-001|2026-02-10T20:00:00Z|vibration_mm_s
EQ-PUMP-001,2026-02-11 02:00:00+00:00,vibration_mm_s,3.38,mm/s,2026-S1,EQ-PUMP-001|2026-02-11T02:00:00Z|vibration_mm_s
EQ-PUMP-001,2026-02-11 08:00:00+00:00,vibration_mm_s,3.33,mm/s,2026-S1,EQ-PUMP-001|2026-02-11T08:00:00Z|vibration_mm_s
EQ-PUMP-001,2026-02-11 14:00:00+00:00,vibration_mm_s,2.53,mm/s,2026-S1,EQ-PUMP-001|2026-02-11T14:00:00Z|vibration_mm_s
EQ-PUMP-001,2026-02-11 20:00:00+00:00,vibration_mm_s,2.63,mm/s,2026-S1,EQ-PUMP-001|2026-02-11T20:00:00Z|vibration_mm_s
EQ-PUMP-001,2026-02-12 02:00:00+00:00,vibration_mm_s,2.73,mm/s,2026-S1,EQ-PUMP-001|2026-02-12T02:00:00Z|vibration_mm_s
EQ-PUMP-001,2026-02-12 08:00:00+00:00,vibration_mm_s,3.36,mm/s,2026-S1,EQ-PUMP-001|2026-02-12T08:00:00Z|vibration_mm_s
EQ-PUMP-001,2026-02-12 14:00:00+00:00,vibration_mm_s,2.96,mm/s,2026-S1,EQ-PUMP-001|2026-02-12T14:00:00Z|vibration_mm_s
EQ-PUMP-001,2026-02-12 20:00:00+00:00,vibration_mm_s,2.56,mm/s,2026-S1,EQ-PUMP-001|2026-02-12T20:00:00Z|vibration_mm_s
EQ-PUMP-001,2026-02-13 02:00:00+00:00,vibration_mm_s,3.4,mm/s,2026-S1,EQ-PUMP-001|2026-02-13T02:00:00Z|vibration_mm_s
EQ-PUMP-001,2026-02-13 08:00:00+00:00,vibration_mm_s,3.21,mm/s,2026-S1,EQ-PUMP-001|2026-02-13T08:00:00Z|vibration_mm_s
EQ-PUMP-001,2026-02-13 14:00:00+00:00,vibration_mm_s,2.75,mm/s,2026-S1,EQ-PUMP-001|2026-02-13T14:00:00Z|vibration_mm_s
EQ-PUMP-001,2026-02-13 20:00:00+00:00,vibration_mm_s,2.86,mm/s,2026-S1,EQ-PUMP-001|2026-02-13T20:00:00Z|vibration_mm_s
EQ-PUMP-001,2026-02-14 02:00:00+00:00,vibration_mm_s,2.92,mm/s,2026-S1,EQ-PUMP-001|2026-02-14T02:00:00Z|vibration_mm_s
EQ-PUMP-001,2026-02-14 08:00:00+00:00,vibration_mm_s,3.19,mm/s,2026-S1,EQ-PUMP-001|2026-02-14T08:00:00Z|vibration_mm_s
EQ-PUMP-001,2026-02-14 14:00:00+00:00,vibration_mm_s,2.92,mm/s,2026-S1,EQ-PUMP-001|2026-02-14T14:00:00Z|vibration_mm_s
EQ-PUMP-001,2026-02-14 20:00:00+00:00,vibration_mm_s,2.36,mm/s,2026-S1,EQ-PUMP-001|2026-02-14T20:00:00Z|vibration_mm_s
EQ-PUMP-001,2026-02-15 02:00:00+00:00,vibration_mm_s,3.05,mm/s,2026-S1,EQ-PUMP-001|2026-02-15T02:00:00Z|vibration_mm_s
EQ-PUMP-001,2026-02-15 08:00:00+00:00,vibration_mm_s,3.35,mm/s,2026-S1,EQ-PUMP-001|2026-02-15T08:00:00Z|vibration_mm_s
EQ-PUMP-001,2026-02-15 14:00:00+00:00,vibration_mm_s,2.77,mm/s,2026-S1,EQ-PUMP-001|2026-02-15T14:00:00Z|vibration_mm_s
EQ-PUMP-001,2026-02-15 20:00:00+00:00,vibration_mm_s,2.88,mm/s,2026-S1,EQ-PUMP-001|2026-02-15T20:00:00Z|vibration_mm_s
EQ-PUMP-001,2026-02-16 02:00:00+00:00,vibration_mm_s,2.83,mm/s,2026-S1,EQ-PUMP-001|2026-02-16T02:00:00Z|vibration_mm_s
EQ-PUMP-001,2026-02-16 08:00:00+00:00,vibration_mm_s,3.34,mm/s,2026-S1,EQ-PUMP-001|2026-02-16T08:00:00Z|vibration_mm_s
EQ-PUMP-001,2026-02-16 14:00:00+00:00,vibration_mm_s,2.9,mm/s,2026-S1,EQ-PUMP-001|2026-02-16T14:00:00Z|vibration_mm_s
EQ-PUMP-001,2026-02-16 20:00:00+00:00,vibration_mm_s,2.94,mm/s,2026-S1,EQ-PUMP-001|2026-02-16T20:00:00Z|vibration_mm_s
EQ-PUMP-001,2026-02-17 02:00:00+00:00,vibration_mm_s,2.61,mm/s,2026-S1,EQ-PUMP-001|2026-02-17T02:00:00Z|vibration_mm_s
EQ-PUMP-001,2026-02-17 08:00:00+00:00,vibration_mm_s,3.09,mm/s,2026-S1,EQ-PUMP-001|2026-02-17T08:00:00Z|vibration_mm_s
EQ-PUMP-001,2026-02-17 14:00:00+00:00,vibration_mm_s,2.87,mm/s,2026-S1,EQ-PUMP-001|2026-02-17T14:00:00Z|vibration_mm_s
EQ-PUMP-001,2026-02-17 20:00:00+00:00,vibration_mm_s,2.3,mm/s,2026-S1,EQ-PUMP-001|2026-02-17T20:00:00Z|vibration_mm_s
EQ-PUMP-001,2026-02-18 02:00:00+00:00,vibration_mm_s,3.25,mm/s,2026-S1,EQ-PUMP-001|2026-02-18T02:00:00Z|vibration_mm_s
EQ-PUMP-001,2026-02-18 08:00:00+00:00,vibration_mm_s,3.57,mm/s,2026-S1,EQ-PUMP-001|2026-02-18T08:00:00Z|vibration_mm_s
EQ-PUMP-001,2026-02-18 14:00:00+00:00,vibration_mm_s,3.31,mm/s,2026-S1,EQ-PUMP-001|2026-02-18T14:00:00Z|vibration_mm_s
EQ-PUMP-001,2026-02-18 20:00:00+00:00,vibration_mm_s,3.3,mm/s,2026-S1,EQ-PUMP-001|2026-02-18T20:00:00Z|vibration_mm_s
EQ-PUMP-001,2026-02-19 02:00:00+00:00,vibration_mm_s,3.46,mm/s,2026-S1,EQ-PUMP-001|2026-02-19T02:00:00Z|vibration_mm_s
EQ-PUMP-001,2026-02-19 08:00:00+00:00,vibration_mm_s,3.76,mm/s,2026-S1,EQ-PUMP-001|2026-02-19T08:00:00Z|vibration_mm_s
EQ-PUMP-001,2026-02-19 14:00:00+00:00,vibration_mm_s,3.77,mm/s,2026-S1,EQ-PUMP-001|2026-02-19T14:00:00Z|vibration_mm_s
EQ-PUMP-001,2026-02-19 20:00:00+00:00,vibration_mm_s,3.04,mm/s,2026-S1,EQ-PUMP-001|2026-02-19T20:00:00Z|vibration_mm_s
EQ-PUMP-001,2026-02-20 02:00:00+00:00,vibration_mm_s,3.53,mm/s,2026-S1,EQ-PUMP-001|2026-02-20T02:00:00Z|vibration_mm_s
EQ-PUMP-001,2026-02-20 08:00:00+00:00,vibration_mm_s,3.35,mm/s,2026-S1,EQ-PUMP-001|2026-02-20T08:00:00Z|vibration_mm_s
EQ-PUMP-001,2026-02-20 14:00:00+00:00,vibration_mm_s,3.05,mm/s,2026-S1,EQ-PUMP-001|2026-02-20T14:00:00Z|vibration_mm_s
EQ-PUMP-001,2026-02-20 20:00:00+00:00,vibration_mm_s,2.08,mm/s,2026-S1,EQ-PUMP-001|2026-02-20T20:00:00Z|vibration_mm_s
EQ-PUMP-001,2026-02-21 02:00:00+00:00,vibration_mm_s,2.77,mm/s,2026-S1,EQ-PUMP-001|2026-02-21T02:00:00Z|vibration_mm_s
EQ-PUMP-001,2026-02-21 08:00:00+00:00,vibration_mm_s,3.04,mm/s,2026-S1,EQ-PUMP-001|2026-02-21T08:00:00Z|vibration_mm_s
EQ-PUMP-001,2026-02-21 14:00:00+00:00,vibration_mm_s,2.95,mm/s,2026-S1,EQ-PUMP-001|2026-02-21T14:00:00Z|vibration_mm_s
EQ-PUMP-001,2026-02-21 20:00:00+00:00,vibration_mm_s,2.23,mm/s,2026-S1,EQ-PUMP-001|2026-02-21T20:00:00Z|vibration_mm_s
EQ-PUMP-001,2026-02-22 02:00:00+00:00,vibration_mm_s,2.85,mm/s,2026-S1,EQ-PUMP-001|2026-02-22T02:00:00Z|vibration_mm_s
EQ-PUMP-001,2026-02-22 08:00:00+00:00,vibration_mm_s,2.91,mm/s,2026-S1,EQ-PUMP-001|2026-02-22T08:00:00Z|vibration_mm_s
EQ-PUMP-001,2026-02-22 14:00:00+00:00,vibration_mm_s,3.14,mm/s,2026-S1,EQ-PUMP-001|2026-02-22T14:00:00Z|vibration_mm_s
EQ-PUMP-001,2026-02-22 20:00:00+00:00,vibration_mm_s,2.77,mm/s,2026-S1,EQ-PUMP-001|2026-02-22T20:00:00Z|vibration_mm_s
EQ-PUMP-001,2026-02-23 02:00:00+00:00,vibration_mm_s,3.04,mm/s,2026-S1,EQ-PUMP-001|2026-02-23T02:00:00Z|vibration_mm_s
EQ-PUMP-001,2026-02-23 08:00:00+00:00,vibration_mm_s,3.12,mm/s,2026-S1,EQ-PUMP-001|2026-02-23T08:00:00Z|vibration_mm_s
EQ-PUMP-001,2026-02-23 14:00:00+00:00,vibration_mm_s,2.84,mm/s,2026-S1,EQ-PUMP-001|2026-02-23T14:00:00Z|vibration_mm_s
EQ-PUMP-001,2026-02-23 20:00:00+00:00,vibration_mm_s,2.53,mm/s,2026-S1,EQ-PUMP-001|2026-02-23T20:00:00Z|vibration_mm_s
EQ-PUMP-001,2026-02-24 02:00:00+00:00,vibration_mm_s,2.97,mm/s,2026-S1,EQ-PUMP-001|2026-02-24T02:00:00Z|vibration_mm_s
EQ-PUMP-001,2026-02-24 08:00:00+00:00,vibration_mm_s,2.84,mm/s,2026-S1,EQ-PUMP-001|2026-02-24T08:00:00Z|vibration_mm_s
EQ-PUMP-001,2026-02-24 14:00:00+00:00,vibration_mm_s,3.04,mm/s,2026-S1,EQ-PUMP-001|2026-02-24T14:00:00Z|vibration_mm_s
EQ-PUMP-001,2026-02-24 20:00:00+00:00,vibration_mm_s,3.08,mm/s,2026-S1,EQ-PUMP-001|2026-02-24T20:00:00Z|vibration_mm_s
EQ-PUMP-001,2026-02-25 02:00:00+00:00,vibration_mm_s,3.19,mm/s,2026-S1,EQ-PUMP-001|2026-02-25T02:00:00Z|vibration_mm_s
EQ-PUMP-001,2026-02-25 08:00:00+00:00,vibration_mm_s,2.93,mm/s,2026-S1,EQ-PUMP-001|2026-02-25T08:00:00Z|vibration_mm_s
EQ-PUMP-001,2026-02-25 14:00:00+00:00,vibration_mm_s,2.71,mm/s,2026-S1,EQ-PUMP-001|2026-02-25T14:00:00Z|vibration_mm_s
EQ-PUMP-001,2026-02-25 20:00:00+00:00,vibration_mm_s,2.59,mm/s,2026-S1,EQ-PUMP-001|2026-02-25T20:00:00Z|vibration_mm_s
EQ-PUMP-001,2026-02-26 02:00:00+00:00,vibration_mm_s,2.98,mm/s,2026-S1,EQ-PUMP-001|2026-02-26T02:00:00Z|vibration_mm_s
EQ-PUMP-001,2026-02-26 08:00:00+00:00,vibration_mm_s,2.96,mm/s,2026-S1,EQ-PUMP-001|2026-02-26T08:00:00Z|vibration_mm_s
EQ-PUMP-001,2026-02-26 14:00:00+00:00,vibration_mm_s,2.76,mm/s,2026-S1,EQ-PUMP-001|2026-02-26T14:00:00Z|vibration_mm_s
EQ-PUMP-001,2026-02-26 20:00:00+00:00,vibration_mm_s,2.49,mm/s,2026-S1,EQ-PUMP-001|2026-02-26T20:00:00Z|vibration_mm_s
EQ-PUMP-001,2026-02-27 02:00:00+00:00,vibration_mm_s,2.71,mm/s,2026-S1,EQ-PUMP-001|2026-02-27T02:00:00Z|vibration_mm_s
EQ-PUMP-001,2026-02-27 08:00:00+00:00,vibration_mm_s,2.96,mm/s,2026-S1,EQ-PUMP-001|2026-02-27T08:00:00Z|vibration_mm_s
EQ-PUMP-001,2026-02-27 14:00:00+00:00,vibration_mm_s,2.79,mm/s,2026-S1,EQ-PUMP-001|2026-02-27T14:00:00Z|vibration_mm_s
EQ-PUMP-001,2026-02-27 20:00:00+00:00,vibration_mm_s,2.3,mm/s,2026-S1,EQ-PUMP-001|2026-02-27T20:00:00Z|vibration_mm_s
EQ-PUMP-001,2026-02-28 02:00:00+00:00,vibration_mm_s,2.9,mm/s,2026-S1,EQ-PUMP-001|2026-02-28T02:00:00Z|vibration_mm_s
EQ-PUMP-001,2026-02-28 08:00:00+00:00,vibration_mm_s,3.37,mm/s,2026-S1,EQ-PUMP-001|2026-02-28T08:00:00Z|vibration_mm_s
EQ-PUMP-001,2026-02-28 14:00:00+00:00,vibration_mm_s,2.55,mm/s,2026-S1,EQ-PUMP-001|2026-02-28T14:00:00Z|vibration_mm_s
EQ-PUMP-001,2026-02-28 20:00:00+00:00,vibration_mm_s,2.16,mm/s,2026-S1,EQ-PUMP-001|2026-02-28T20:00:00Z|vibration_mm_s
EQ-PUMP-001,2026-03-01 02:00:00+00:00,vibration_mm_s,2.43,mm/s,2026-S1,EQ-PUMP-001|2026-03-01T02:00:00Z|vibration_mm_s
EQ-PUMP-001,2026-03-01 08:00:00+00:00,vibration_mm_s,3.11,mm/s,2026-S1,EQ-PUMP-001|2026-03-01T08:00:00Z|vibration_mm_s
EQ-PUMP-001,2026-03-01 14:00:00+00:00,vibration_mm_s,2.62,mm/s,2026-S1,EQ-PUMP-001|2026-03-01T14:00:00Z|vibration_mm_s
EQ-PUMP-001,2026-03-01 20:00:00+00:00,vibration_mm_s,2.3,mm/s,2026-S1,EQ-PUMP-001|2026-03-01T20:00:00Z|vibration_mm_s
EQ-PUMP-001,2026-03-02 02:00:00+00:00,vibration_mm_s,3.1,mm/s,2026-S1,EQ-PUMP-001|2026-03-02T02:00:00Z|vibration_mm_s
EQ-PUMP-001,2026-03-02 08:00:00+00:00,vibration_mm_s,3.37,mm/s,2026-S1,EQ-PUMP-001|2026-03-02T08:00:00Z|vibration_mm_s
EQ-PUMP-001,2026-03-02 14:00:00+00:00,vibration_mm_s,3.31,mm/s,2026-S1,EQ-PUMP-001|2026-03-02T14:00:00Z|vibration_mm_s
EQ-PUMP-001,2026-03-02 20:00:00+00:00,vibration_mm_s,2.65,mm/s,2026-S1,EQ-PUMP-001|2026-03-02T20:00:00Z|vibration_mm_s
EQ-PUMP-001,2026-03-03 02:00:00+00:00,vibration_mm_s,2.77,mm/s,2026-S1,EQ-PUMP-001|2026-03-03T02:00:00Z|vibration_mm_s
EQ-PUMP-001,2026-03-03 08:00:00+00:00,vibration_mm_s,3.51,mm/s,2026-S1,EQ-PUMP-001|2026-03-03T08:00:00Z|vibration_mm_s
EQ-PUMP-001,2026-03-03 14:00:00+00:00,vibration_mm_s,2.5,mm/s,2026-S1,EQ-PUMP-001|2026-03-03T14:00:00Z|vibration_mm_s
EQ-PUMP-001,2026-03-03 20:00:00+00:00,vibration_mm_s,2.34,mm/s,2026-S1,EQ-PUMP-001|2026-03-03T20:00:00Z|vibration_mm_s
EQ-PUMP-001,2026-03-04 02:00:00+00:00,vibration_mm_s,3.43,mm/s,2026-S1,EQ-PUMP-001|2026-03-04T02:00:00Z|vibration_mm_s
EQ-PUMP-001,2026-03-04 08:00:00+00:00,vibration_mm_s,3.46,mm/s,2026-S1,EQ-PUMP-001|2026-03-04T08:00:00Z|vibration_mm_s
EQ-PUMP-001,2026-03-04 14:00:00+00:00,vibration_mm_s,3.24,mm/s,2026-S1,EQ-PUMP-001|2026-03-04T14:00:00Z|vibration_mm_s
EQ-PUMP-001,2026-03-04 20:00:00+00:00,vibration_mm_s,2.76,mm/s,2026-S1,EQ-PUMP-001|2026-03-04T20:00:00Z|vibration_mm_s
EQ-PUMP-001,2026-03-05 02:00:00+00:00,vibration_mm_s,3.07,mm/s,2026-S1,EQ-PUMP-001|2026-03-05T02:00:00Z|vibration_mm_s
EQ-PUMP-001,2026-03-05 08:00:00+00:00,vibration_mm_s,3.43,mm/s,2026-S1,EQ-PUMP-001|2026-03-05T08:00:00Z|vibration_mm_s
EQ-PUMP-001,2026-03-05 14:00:00+00:00,vibration_mm_s,3.02,mm/s,2026-S1,EQ-PUMP-001|2026-03-05T14:00:00Z|vibration_mm_s
EQ-PUMP-001,2026-03-05 20:00:00+00:00,vibration_mm_s,2.6,mm/s,2026-S1,EQ-PUMP-001|2026-03-05T20:00:00Z|vibration_mm_s
EQ-PUMP-001,2026-03-06 02:00:00+00:00,vibration_mm_s,2.54,mm/s,2026-S1,EQ-PUMP-001|2026-03-06T02:00:00Z|vibration_mm_s
EQ-PUMP-001,2026-03-06 08:00:00+00:00,vibration_mm_s,3.35,mm/s,2026-S1,EQ-PUMP-001|2026-03-06T08:00:00Z|vibration_mm_s
EQ-PUMP-001,2026-03-06 14:00:00+00:00,vibration_mm_s,2.67,mm/s,2026-S1,EQ-PUMP-001|2026-03-06T14:00:00Z|vibration_mm_s
EQ-PUMP-001,2026-03-06 20:00:00+00:00,vibration_mm_s,2.33,mm/s,2026-S1,EQ-PUMP-001|2026-03-06T20:00:00Z|vibration_mm_s
EQ-PUMP-001,2026-03-07 02:00:00+00:00,vibration_mm_s,3.39,mm/s,2026-S1,EQ-PUMP-001|2026-03-07T02:00:00Z|vibration_mm_s
EQ-PUMP-001,2026-03-07 08:00:00+00:00,vibration_mm_s,2.96,mm/s,2026-S1,EQ-PUMP-001|2026-03-07T08:00:00Z|vibration_mm_s
EQ-PUMP-001,2026-03-07 14:00:00+00:00,vibration_mm_s,2.49,mm/s,2026-S1,EQ-PUMP-001|2026-03-07T14:00:00Z|vibration_mm_s
EQ-PUMP-001,2026-03-07 20:00:00+00:00,vibration_mm_s,2.3,mm/s,2026-S1,EQ-PUMP-001|2026-03-07T20:00:00Z|vibration_mm_s
EQ-PUMP-001,2026-03-08 02:00:00+00:00,vibration_mm_s,2.64,mm/s,2026-S1,EQ-PUMP-001|2026-03-08T02:00:00Z|vibration_mm_s
EQ-PUMP-001,2026-03-08 08:00:00+00:00,vibration_mm_s,3.44,mm/s,2026-S1,EQ-PUMP-001|2026-03-08T08:00:00Z|vibration_mm_s
EQ-PUMP-001,2026-03-08 14:00:00+00:00,vibration_mm_s,2.86,mm/s,2026-S1,EQ-PUMP-001|2026-03-08T14:00:00Z|vibration_mm_s
EQ-PUMP-001,2026-03-08 20:00:00+00:00,vibration_mm_s,2.36,mm/s,2026-S1,EQ-PUMP-001|2026-03-08T20:00:00Z|vibration_mm_s
EQ-PUMP-001,2026-03-09 02:00:00+00:00,vibration_mm_s,3.13,mm/s,2026-S1,EQ-PUMP-001|2026-03-09T02:00:00Z|vibration_mm_s
EQ-PUMP-001,2026-03-09 08:00:00+00:00,vibration_mm_s,3.41,mm/s,2026-S1,EQ-PUMP-001|2026-03-09T08:00:00Z|vibration_mm_s
EQ-PUMP-001,2026-03-09 14:00:00+00:00,vibration_mm_s,2.95,mm/s,2026-S1,EQ-PUMP-001|2026-03-09T14:00:00Z|vibration_mm_s
EQ-PUMP-001,2026-03-09 20:00:00+00:00,vibration_mm_s,2.87,mm/s,2026-S1,EQ-PUMP-001|2026-03-09T20:00:00Z|vibration_mm_s
EQ-PUMP-001,2026-03-10 02:00:00+00:00,vibration_mm_s,2.61,mm/s,2026-S1,EQ-PUMP-001|2026-03-10T02:00:00Z|vibration_mm_s
EQ-PUMP-001,2026-03-10 08:00:00+00:00,vibration_mm_s,3.3,mm/s,2026-S1,EQ-PUMP-001|2026-03-10T08:00:00Z|vibration_mm_s
EQ-PUMP-001,2026-03-10 14:00:00+00:00,vibration_mm_s,2.99,mm/s,2026-S1,EQ-PUMP-001|2026-03-10T14:00:00Z|vibration_mm_s
EQ-PUMP-001,2026-03-10 20:00:00+00:00,vibration_mm_s,2.28,mm/s,2026-S1,EQ-PUMP-001|2026-03-10T20:00:00Z|vibration_mm_s
EQ-PUMP-001,2026-03-11 02:00:00+00:00,vibration_mm_s,2.99,mm/s,2026-S1,EQ-PUMP-001|2026-03-11T02:00:00Z|vibration_mm_s
EQ-PUMP-001,2026-03-11 08:00:00+00:00,vibration_mm_s,3.23,mm/s,2026-S1,EQ-PUMP-001|2026-03-11T08:00:00Z|vibration_mm_s
EQ-PUMP-001,2026-03-11 14:00:00+00:00,vibration_mm_s,2.54,mm/s,2026-S1,EQ-PUMP-001|2026-03-11T14:00:00Z|vibration_mm_s
EQ-PUMP-001,2026-03-11 20:00:00+00:00,vibration_mm_s,2.45,mm/s,2026-S1,EQ-PUMP-001|2026-03-11T20:00:00Z|vibration_mm_s
EQ-PUMP-001,2026-03-12 02:00:00+00:00,vibration_mm_s,2.74,mm/s,2026-S1,EQ-PUMP-001|2026-03-12T02:00:00Z|vibration_mm_s
EQ-PUMP-001,2026-03-12 08:00:00+00:00,vibration_mm_s,3.67,mm/s,2026-S1,EQ-PUMP-001|2026-03-12T08:00:00Z|vibration_mm_s
EQ-PUMP-001,2026-03-12 14:00:00+00:00,vibration_mm_s,2.57,mm/s,2026-S1,EQ-PUMP-001|2026-03-12T14:00:00Z|vibration_mm_s
EQ-PUMP-001,2026-03-12 20:00:00+00:00,vibration_mm_s,2.93,mm/s,2026-S1,EQ-PUMP-001|2026-03-12T20:00:00Z|vibration_mm_s
EQ-PUMP-001,2026-03-13 02:00:00+00:00,vibration_mm_s,3.15,mm/s,2026-S1,EQ-PUMP-001|2026-03-13T02:00:00Z|vibration_mm_s
EQ-PUMP-001,2026-03-13 08:00:00+00:00,vibration_mm_s,3.0,mm/s,2026-S1,EQ-PUMP-001|2026-03-13T08:00:00Z|vibration_mm_s
EQ-PUMP-001,2026-03-13 14:00:00+00:00,vibration_mm_s,2.94,mm/s,2026-S1,EQ-PUMP-001|2026-03-13T14:00:00Z|vibration_mm_s
EQ-PUMP-001,2026-03-13 20:00:00+00:00,vibration_mm_s,2.66,mm/s,2026-S1,EQ-PUMP-001|2026-03-13T20:00:00Z|vibration_mm_s
EQ-PUMP-001,2026-03-14 02:00:00+00:00,vibration_mm_s,2.57,mm/s,2026-S1,EQ-PUMP-001|2026-03-14T02:00:00Z|vibration_mm_s
EQ-PUMP-001,2026-03-14 08:00:00+00:00,vibration_mm_s,3.02,mm/s,2026-S1,EQ-PUMP-001|2026-03-14T08:00:00Z|vibration_mm_s
EQ-PUMP-001,2026-03-14 14:00:00+00:00,vibration_mm_s,2.52,mm/s,2026-S1,EQ-PUMP-001|2026-03-14T14:00:00Z|vibration_mm_s
EQ-PUMP-001,2026-03-14 20:00:00+00:00,vibration_mm_s,2.04,mm/s,2026-S1,EQ-PUMP-001|2026-03-14T20:00:00Z|vibration_mm_s
EQ-PUMP-001,2026-03-15 02:00:00+00:00,vibration_mm_s,2.75,mm/s,2026-S1,EQ-PUMP-001|2026-03-15T02:00:00Z|vibration_mm_s
EQ-PUMP-001,2026-03-15 08:00:00+00:00,vibration_mm_s,3.13,mm/s,2026-S1,EQ-PUMP-001|2026-03-15T08:00:00Z|vibration_mm_s
EQ-PUMP-001,2026-03-15 14:00:00+00:00,vibration_mm_s,2.54,mm/s,2026-S1,EQ-PUMP-001|2026-03-15T14:00:00Z|vibration_mm_s
EQ-PUMP-001,2026-03-15 20:00:00+00:00,vibration_mm_s,2.23,mm/s,2026-S1,EQ-PUMP-001|2026-03-15T20:00:00Z|vibration_mm_s
EQ-PUMP-001,2026-03-16 02:00:00+00:00,vibration_mm_s,2.98,mm/s,2026-S1,EQ-PUMP-001|2026-03-16T02:00:00Z|vibration_mm_s
EQ-PUMP-001,2026-03-16 08:00:00+00:00,vibration_mm_s,3.67,mm/s,2026-S1,EQ-PUMP-001|2026-03-16T08:00:00Z|vibration_mm_s
EQ-PUMP-001,2026-03-16 14:00:00+00:00,vibration_mm_s,2.64,mm/s,2026-S1,EQ-PUMP-001|2026-03-16T14:00:00Z|vibration_mm_s
EQ-PUMP-001,2026-03-16 20:00:00+00:00,vibration_mm_s,2.68,mm/s,2026-S1,EQ-PUMP-001|2026-03-16T20:00:00Z|vibration_mm_s
EQ-PUMP-001,2026-03-17 02:00:00+00:00,vibration_mm_s,2.85,mm/s,2026-S1,EQ-PUMP-001|2026-03-17T02:00:00Z|vibration_mm_s
EQ-PUMP-001,2026-03-17 08:00:00+00:00,vibration_mm_s,3.19,mm/s,2026-S1,EQ-PUMP-001|2026-03-17T08:00:00Z|vibration_mm_s
EQ-PUMP-001,2026-03-17 14:00:00+00:00,vibration_mm_s,3.07,mm/s,2026-S1,EQ-PUMP-001|2026-03-17T14:00:00Z|vibration_mm_s
EQ-PUMP-001,2026-03-17 20:00:00+00:00,vibration_mm_s,2.2,mm/s,2026-S1,EQ-PUMP-001|2026-03-17T20:00:00Z|vibration_mm_s
EQ-PUMP-001,2026-03-18 02:00:00+00:00,vibration_mm_s,3.16,mm/s,2026-S1,EQ-PUMP-001|2026-03-18T02:00:00Z|vibration_mm_s
EQ-PUMP-001,2026-03-18 08:00:00+00:00,vibration_mm_s,3.39,mm/s,2026-S1,EQ-PUMP-001|2026-03-18T08:00:00Z|vibration_mm_s
EQ-PUMP-001,2026-03-18 14:00:00+00:00,vibration_mm_s,2.52,mm/s,2026-S1,EQ-PUMP-001|2026-03-18T14:00:00Z|vibration_mm_s
EQ-PUMP-001,2026-03-18 20:00:00+00:00,vibration_mm_s,2.78,mm/s,2026-S1,EQ-PUMP-001|2026-03-18T20:00:00Z|vibration_mm_s
EQ-PUMP-001,2026-03-19 02:00:00+00:00,vibration_mm_s,2.96,mm/s,2026-S1,EQ-PUMP-001|2026-03-19T02:00:00Z|vibration_mm_s
EQ-PUMP-001,2026-03-19 08:00:00+00:00,vibration_mm_s,3.4,mm/s,2026-S1,EQ-PUMP-001|2026-03-19T08:00:00Z|vibration_mm_s
EQ-PUMP-001,2026-03-19 14:00:00+00:00,vibration_mm_s,2.86,mm/s,2026-S1,EQ-PUMP-001|2026-03-19T14:00:00Z|vibration_mm_s
EQ-PUMP-001,2026-03-19 20:00:00+00:00,vibration_mm_s,2.8,mm/s,2026-S1,EQ-PUMP-001|2026-03-19T20:00:00Z|vibration_mm_s
EQ-PUMP-001,2026-03-20 02:00:00+00:00,vibration_mm_s,2.75,mm/s,2026-S1,EQ-PUMP-001|2026-03-20T02:00:00Z|vibration_mm_s
EQ-PUMP-001,2026-03-20 08:00:00+00:00,vibration_mm_s,3.42,mm/s,2026-S1,EQ-PUMP-001|2026-03-20T08:00:00Z|vibration_mm_s
EQ-PUMP-001,2026-03-20 14:00:00+00:00,vibration_mm_s,2.41,mm/s,2026-S1,EQ-PUMP-001|2026-03-20T14:00:00Z|vibration_mm_s
EQ-PUMP-001,2026-03-20 20:00:00+00:00,vibration_mm_s,2.61,mm/s,2026-S1,EQ-PUMP-001|2026-03-20T20:00:00Z|vibration_mm_s
EQ-PUMP-001,2026-03-21 02:00:00+00:00,vibration_mm_s,2.86,mm/s,2026-S1,EQ-PUMP-001|2026-03-21T02:00:00Z|vibration_mm_s
EQ-PUMP-001,2026-03-21 08:00:00+00:00,vibration_mm_s,3.02,mm/s,2026-S1,EQ-PUMP-001|2026-03-21T08:00:00Z|vibration_mm_s
EQ-PUMP-001,2026-03-21 14:00:00+00:00,vibration_mm_s,2.6,mm/s,2026-S1,EQ-PUMP-001|2026-03-21T14:00:00Z|vibration_mm_s
EQ-PUMP-001,2026-03-21 20:00:00+00:00,vibration_mm_s,2.2,mm/s,2026-S1,EQ-PUMP-001|2026-03-21T20:00:00Z|vibration_mm_s
EQ-PUMP-001,2026-03-22 02:00:00+00:00,vibration_mm_s,2.82,mm/s,2026-S1,EQ-PUMP-001|2026-03-22T02:00:00Z|vibration_mm_s
EQ-PUMP-001,2026-03-22 08:00:00+00:00,vibration_mm_s,2.91,mm/s,2026-S1,EQ-PUMP-001|2026-03-22T08:00:00Z|vibration_mm_s
EQ-PUMP-001,2026-03-22 14:00:00+00:00,vibration_mm_s,2.42,mm/s,2026-S1,EQ-PUMP-001|2026-03-22T14:00:00Z|vibration_mm_s
EQ-PUMP-001,2026-03-22 20:00:00+00:00,vibration_mm_s,2.18,mm/s,2026-S1,EQ-PUMP-001|2026-03-22T20:00:00Z|vibration_mm_s
EQ-PUMP-001,2026-03-23 02:00:00+00:00,vibration_mm_s,3.1,mm/s,2026-S1,EQ-PUMP-001|2026-03-23T02:00:00Z|vibration_mm_s
EQ-PUMP-001,2026-03-23 08:00:00+00:00,vibration_mm_s,3.32,mm/s,2026-S1,EQ-PUMP-001|2026-03-23T08:00:00Z|vibration_mm_s
EQ-PUMP-001,2026-03-23 14:00:00+00:00,vibration_mm_s,2.78,mm/s,2026-S1,EQ-PUMP-001|2026-03-23T14:00:00Z|vibration_mm_s
EQ-PUMP-001,2026-03-23 20:00:00+00:00,vibration_mm_s,2.61,mm/s,2026-S1,EQ-PUMP-001|2026-03-23T20:00:00Z|vibration_mm_s
EQ-PUMP-001,2026-03-24 02:00:00+00:00,vibration_mm_s,2.84,mm/s,2026-S1,EQ-PUMP-001|2026-03-24T02:00:00Z|vibration_mm_s
EQ-PUMP-001,2026-03-24 08:00:00+00:00,vibration_mm_s,3.34,mm/s,2026-S1,EQ-PUMP-001|2026-03-24T08:00:00Z|vibration_mm_s
EQ-PUMP-001,2026-03-24 14:00:00+00:00,vibration_mm_s,2.6,mm/s,2026-S1,EQ-PUMP-001|2026-03-24T14:00:00Z|vibration_mm_s
EQ-PUMP-001,2026-03-24 20:00:00+00:00,vibration_mm_s,2.92,mm/s,2026-S1,EQ-PUMP-001|2026-03-24T20:00:00Z|vibration_mm_s
EQ-PUMP-001,2026-03-25 02:00:00+00:00,vibration_mm_s,2.88,mm/s,2026-S1,EQ-PUMP-001|2026-03-25T02:00:00Z|vibration_mm_s
EQ-PUMP-001,2026-03-25 08:00:00+00:00,vibration_mm_s,3.16,mm/s,2026-S1,EQ-PUMP-001|2026-03-25T08:00:00Z|vibration_mm_s
EQ-PUMP-001,2026-03-25 14:00:00+00:00,vibration_mm_s,2.7,mm/s,2026-S1,EQ-PUMP-001|2026-03-25T14:00:00Z|vibration_mm_s
EQ-PUMP-001,2026-03-25 20:00:00+00:00,vibration_mm_s,2.71,mm/s,2026-S1,EQ-PUMP-001|2026-03-25T20:00:00Z|vibration_mm_s
EQ-PUMP-001,2026-03-26 02:00:00+00:00,vibration_mm_s,2.78,mm/s,2026-S1,EQ-PUMP-001|2026-03-26T02:00:00Z|vibration_mm_s
EQ-PUMP-001,2026-03-26 08:00:00+00:00,vibration_mm_s,3.13,mm/s,2026-S1,EQ-PUMP-001|2026-03-26T08:00:00Z|vibration_mm_s
EQ-PUMP-001,2026-03-26 14:00:00+00:00,vibration_mm_s,2.72,mm/s,2026-S1,EQ-PUMP-001|2026-03-26T14:00:00Z|vibration_mm_s
EQ-PUMP-001,2026-03-26 20:00:00+00:00,vibration_mm_s,2.69,mm/s,2026-S1,EQ-PUMP-001|2026-03-26T20:00:00Z|vibration_mm_s
EQ-PUMP-001,2026-03-27 02:00:00+00:00,vibration_mm_s,3.27,mm/s,2026-S1,EQ-PUMP-001|2026-03-27T02:00:00Z|vibration_mm_s
EQ-PUMP-001,2026-03-27 08:00:00+00:00,vibration_mm_s,3.18,mm/s,2026-S1,EQ-PUMP-001|2026-03-27T08:00:00Z|vibration_mm_s
EQ-PUMP-001,2026-03-27 14:00:00+00:00,vibration_mm_s,2.92,mm/s,2026-S1,EQ-PUMP-001|2026-03-27T14:00:00Z|vibration_mm_s
EQ-PUMP-001,2026-03-27 20:00:00+00:00,vibration_mm_s,2.46,mm/s,2026-S1,EQ-PUMP-001|2026-03-27T20:00:00Z|vibration_mm_s
EQ-PUMP-001,2026-03-28 02:00:00+00:00,vibration_mm_s,2.85,mm/s,2026-S1,EQ-PUMP-001|2026-03-28T02:00:00Z|vibration_mm_s
EQ-PUMP-001,2026-03-28 08:00:00+00:00,vibration_mm_s,2.97,mm/s,2026-S1,EQ-PUMP-001|2026-03-28T08:00:00Z|vibration_mm_s
EQ-PUMP-001,2026-03-28 14:00:00+00:00,vibration_mm_s,2.56,mm/s,2026-S1,EQ-PUMP-001|2026-03-28T14:00:00Z|vibration_mm_s
EQ-PUMP-001,2026-03-28 20:00:00+00:00,vibration_mm_s,2.22,mm/s,2026-S1,EQ-PUMP-001|2026-03-28T20:00:00Z|vibration_mm_s
EQ-PUMP-001,2026-03-29 02:00:00+00:00,vibration_mm_s,3.0,mm/s,2026-S1,EQ-PUMP-001|2026-03-29T02:00:00Z|vibration_mm_s
EQ-PUMP-001,2026-03-29 08:00:00+00:00,vibration_mm_s,3.18,mm/s,2026-S1,EQ-PUMP-001|2026-03-29T08:00:00Z|vibration_mm_s
EQ-PUMP-001,2026-03-29 14:00:00+00:00,vibration_mm_s,2.25,mm/s,2026-S1,EQ-PUMP-001|2026-03-29T14:00:00Z|vibration_mm_s
EQ-PUMP-001,2026-03-29 20:00:00+00:00,vibration_mm_s,2.14,mm/s,2026-S1,EQ-PUMP-001|2026-03-29T20:00:00Z|vibration_mm_s
EQ-PUMP-001,2026-03-30 02:00:00+00:00,vibration_mm_s,3.22,mm/s,2026-S1,EQ-PUMP-001|2026-03-30T02:00:00Z|vibration_mm_s
EQ-PUMP-001,2026-03-30 08:00:00+00:00,vibration_mm_s,3.39,mm/s,2026-S1,EQ-PUMP-001|2026-03-30T08:00:00Z|vibration_mm_s
EQ-PUMP-001,2026-03-30 14:00:00+00:00,vibration_mm_s,2.44,mm/s,2026-S1,EQ-PUMP-001|2026-03-30T14:00:00Z|vibration_mm_s
EQ-PUMP-001,2026-03-30 20:00:00+00:00,vibration_mm_s,2.6,mm/s,2026-S1,EQ-PUMP-001|2026-03-30T20:00:00Z|vibration_mm_s
EQ-PUMP-001,2026-03-31 02:00:00+00:00,vibration_mm_s,2.91,mm/s,2026-S1,EQ-PUMP-001|2026-03-31T02:00:00Z|vibration_mm_s
EQ-PUMP-001,2026-03-31 08:00:00+00:00,vibration_mm_s,3.36,mm/s,2026-S1,EQ-PUMP-001|2026-03-31T08:00:00Z|vibration_mm_s
EQ-PUMP-001,2026-03-31 14:00:00+00:00,vibration_mm_s,3.14,mm/s,2026-S1,EQ-PUMP-001|2026-03-31T14:00:00Z|vibration_mm_s
EQ-PUMP-001,2026-03-31 20:00:00+00:00,vibration_mm_s,2.68,mm/s,2026-S1,EQ-PUMP-001|2026-03-31T20:00:00Z|vibration_mm_s
EQ-PUMP-001,2026-04-01 02:00:00+00:00,vibration_mm_s,2.95,mm/s,2026-S1,EQ-PUMP-001|2026-04-01T02:00:00Z|vibration_mm_s
EQ-PUMP-001,2026-04-01 08:00:00+00:00,vibration_mm_s,3.13,mm/s,2026-S1,EQ-PUMP-001|2026-04-01T08:00:00Z|vibration_mm_s
EQ-PUMP-001,2026-04-01 14:00:00+00:00,vibration_mm_s,2.81,mm/s,2026-S1,EQ-PUMP-001|2026-04-01T14:00:00Z|vibration_mm_s
EQ-PUMP-001,2026-04-01 20:00:00+00:00,vibration_mm_s,2.86,mm/s,2026-S1,EQ-PUMP-001|2026-04-01T20:00:00Z|vibration_mm_s
EQ-PUMP-001,2026-04-02 02:00:00+00:00,vibration_mm_s,3.06,mm/s,2026-S1,EQ-PUMP-001|2026-04-02T02:00:00Z|vibration_mm_s
EQ-PUMP-001,2026-04-02 08:00:00+00:00,vibration_mm_s,3.9,mm/s,2026-S1,EQ-PUMP-001|2026-04-02T08:00:00Z|vibration_mm_s
EQ-PUMP-001,2026-04-02 14:00:00+00:00,vibration_mm_s,2.88,mm/s,2026-S1,EQ-PUMP-001|2026-04-02T14:00:00Z|vibration_mm_s
EQ-PUMP-001,2026-04-02 20:00:00+00:00,vibration_mm_s,2.41,mm/s,2026-S1,EQ-PUMP-001|2026-04-02T20:00:00Z|vibration_mm_s
EQ-PUMP-001,2026-04-03 02:00:00+00:00,vibration_mm_s,3.05,mm/s,2026-S1,EQ-PUMP-001|2026-04-03T02:00:00Z|vibration_mm_s
EQ-PUMP-001,2026-04-03 08:00:00+00:00,vibration_mm_s,3.13,mm/s,2026-S1,EQ-PUMP-001|2026-04-03T08:00:00Z|vibration_mm_s
EQ-PUMP-001,2026-04-03 14:00:00+00:00,vibration_mm_s,2.91,mm/s,2026-S1,EQ-PUMP-001|2026-04-03T14:00:00Z|vibration_mm_s
EQ-PUMP-001,2026-04-03 20:00:00+00:00,vibration_mm_s,2.93,mm/s,2026-S1,EQ-PUMP-001|2026-04-03T20:00:00Z|vibration_mm_s
EQ-PUMP-001,2026-04-04 02:00:00+00:00,vibration_mm_s,2.91,mm/s,2026-S1,EQ-PUMP-001|2026-04-04T02:00:00Z|vibration_mm_s
EQ-PUMP-001,2026-04-04 08:00:00+00:00,vibration_mm_s,2.67,mm/s,2026-S1,EQ-PUMP-001|2026-04-04T08:00:00Z|vibration_mm_s
EQ-PUMP-001,2026-04-04 14:00:00+00:00,vibration_mm_s,2.58,mm/s,2026-S1,EQ-PUMP-001|2026-04-04T14:00:00Z|vibration_mm_s
EQ-PUMP-001,2026-04-04 20:00:00+00:00,vibration_mm_s,2.42,mm/s,2026-S1,EQ-PUMP-001|2026-04-04T20:00:00Z|vibration_mm_s
EQ-PUMP-001,2026-04-05 02:00:00+00:00,vibration_mm_s,3.15,mm/s,2026-S1,EQ-PUMP-001|2026-04-05T02:00:00Z|vibration_mm_s
EQ-PUMP-001,2026-04-05 08:00:00+00:00,vibration_mm_s,3.31,mm/s,2026-S1,EQ-PUMP-001|2026-04-05T08:00:00Z|vibration_mm_s
EQ-PUMP-001,2026-04-05 14:00:00+00:00,vibration_mm_s,2.48,mm/s,2026-S1,EQ-PUMP-001|2026-04-05T14:00:00Z|vibration_mm_s
EQ-PUMP-001,2026-04-05 20:00:00+00:00,vibration_mm_s,2.51,mm/s,2026-S1,EQ-PUMP-001|2026-04-05T20:00:00Z|vibration_mm_s
EQ-PUMP-001,2026-04-06 02:00:00+00:00,vibration_mm_s,2.88,mm/s,2026-S1,EQ-PUMP-001|2026-04-06T02:00:00Z|vibration_mm_s
EQ-PUMP-001,2026-04-06 08:00:00+00:00,vibration_mm_s,3.08,mm/s,2026-S1,EQ-PUMP-001|2026-04-06T08:00:00Z|vibration_mm_s
EQ-PUMP-001,2026-04-06 14:00:00+00:00,vibration_mm_s,3.02,mm/s,2026-S1,EQ-PUMP-001|2026-04-06T14:00:00Z|vibration_mm_s
EQ-PUMP-001,2026-04-06 20:00:00+00:00,vibration_mm_s,2.53,mm/s,2026-S1,EQ-PUMP-001|2026-04-06T20:00:00Z|vibration_mm_s
EQ-PUMP-001,2026-04-07 02:00:00+00:00,vibration_mm_s,3.02,mm/s,2026-S1,EQ-PUMP-001|2026-04-07T02:00:00Z|vibration_mm_s
EQ-PUMP-001,2026-04-07 08:00:00+00:00,vibration_mm_s,2.97,mm/s,2026-S1,EQ-PUMP-001|2026-04-07T08:00:00Z|vibration_mm_s
EQ-PUMP-001,2026-04-07 14:00:00+00:00,vibration_mm_s,2.65,mm/s,2026-S1,EQ-PUMP-001|2026-04-07T14:00:00Z|vibration_mm_s
EQ-PUMP-001,2026-04-07 20:00:00+00:00,vibration_mm_s,2.66,mm/s,2026-S1,EQ-PUMP-001|2026-04-07T20:00:00Z|vibration_mm_s
EQ-PUMP-001,2026-04-08 02:00:00+00:00,vibration_mm_s,3.27,mm/s,2026-S1,EQ-PUMP-001|2026-04-08T02:00:00Z|vibration_mm_s
EQ-PUMP-001,2026-04-08 08:00:00+00:00,vibration_mm_s,3.64,mm/s,2026-S1,EQ-PUMP-001|2026-04-08T08:00:00Z|vibration_mm_s
EQ-PUMP-001,2026-04-08 14:00:00+00:00,vibration_mm_s,2.9,mm/s,2026-S1,EQ-PUMP-001|2026-04-08T14:00:00Z|vibration_mm_s
EQ-PUMP-001,2026-04-08 20:00:00+00:00,vibration_mm_s,2.65,mm/s,2026-S1,EQ-PUMP-001|2026-04-08T20:00:00Z|vibration_mm_s
EQ-PUMP-001,2026-04-09 02:00:00+00:00,vibration_mm_s,3.47,mm/s,2026-S1,EQ-PUMP-001|2026-04-09T02:00:00Z|vibration_mm_s
EQ-PUMP-001,2026-04-09 08:00:00+00:00,vibration_mm_s,3.13,mm/s,2026-S1,EQ-PUMP-001|2026-04-09T08:00:00Z|vibration_mm_s
EQ-PUMP-001,2026-04-09 14:00:00+00:00,vibration_mm_s,2.93,mm/s,2026-S1,EQ-PUMP-001|2026-04-09T14:00:00Z|vibration_mm_s
EQ-PUMP-001,2026-04-09 20:00:00+00:00,vibration_mm_s,2.36,mm/s,2026-S1,EQ-PUMP-001|2026-04-09T20:00:00Z|vibration_mm_s
EQ-PUMP-001,2026-04-10 02:00:00+00:00,vibration_mm_s,2.74,mm/s,2026-S1,EQ-PUMP-001|2026-04-10T02:00:00Z|vibration_mm_s
EQ-PUMP-001,2026-04-10 08:00:00+00:00,vibration_mm_s,3.09,mm/s,2026-S1,EQ-PUMP-001|2026-04-10T08:00:00Z|vibration_mm_s
EQ-PUMP-001,2026-04-10 14:00:00+00:00,vibration_mm_s,2.62,mm/s,2026-S1,EQ-PUMP-001|2026-04-10T14:00:00Z|vibration_mm_s
EQ-PUMP-001,2026-04-10 20:00:00+00:00,vibration_mm_s,2.34,mm/s,2026-S1,EQ-PUMP-001|2026-04-10T20:00:00Z|vibration_mm_s
EQ-PUMP-001,2026-04-11 02:00:00+00:00,vibration_mm_s,2.73,mm/s,2026-S1,EQ-PUMP-001|2026-04-11T02:00:00Z|vibration_mm_s
EQ-PUMP-001,2026-04-11 08:00:00+00:00,vibration_mm_s,3.7,mm/s,2026-S1,EQ-PUMP-001|2026-04-11T08:00:00Z|vibration_mm_s
EQ-PUMP-001,2026-04-11 14:00:00+00:00,vibration_mm_s,3.17,mm/s,2026-S1,EQ-PUMP-001|2026-04-11T14:00:00Z|vibration_mm_s
EQ-PUMP-001,2026-04-11 20:00:00+00:00,vibration_mm_s,2.45,mm/s,2026-S1,EQ-PUMP-001|2026-04-11T20:00:00Z|vibration_mm_s
EQ-PUMP-001,2026-04-12 02:00:00+00:00,vibration_mm_s,2.76,mm/s,2026-S1,EQ-PUMP-001|2026-04-12T02:00:00Z|vibration_mm_s
EQ-PUMP-001,2026-04-12 08:00:00+00:00,vibration_mm_s,3.14,mm/s,2026-S1,EQ-PUMP-001|2026-04-12T08:00:00Z|vibration_mm_s
EQ-PUMP-001,2026-04-12 14:00:00+00:00,vibration_mm_s,2.26,mm/s,2026-S1,EQ-PUMP-001|2026-04-12T14:00:00Z|vibration_mm_s
EQ-PUMP-001,2026-04-12 20:00:00+00:00,vibration_mm_s,2.3,mm/s,2026-S1,EQ-PUMP-001|2026-04-12T20:00:00Z|vibration_mm_s
EQ-PUMP-001,2026-04-13 02:00:00+00:00,vibration_mm_s,2.86,mm/s,2026-S1,EQ-PUMP-001|2026-04-13T02:00:00Z|vibration_mm_s
EQ-PUMP-001,2026-04-13 08:00:00+00:00,vibration_mm_s,3.33,mm/s,2026-S1,EQ-PUMP-001|2026-04-13T08:00:00Z|vibration_mm_s
EQ-PUMP-001,2026-04-13 14:00:00+00:00,vibration_mm_s,2.75,mm/s,2026-S1,EQ-PUMP-001|2026-04-13T14:00:00Z|vibration_mm_s
EQ-PUMP-001,2026-04-13 20:00:00+00:00,vibration_mm_s,2.16,mm/s,2026-S1,EQ-PUMP-001|2026-04-13T20:00:00Z|vibration_mm_s
EQ-PUMP-001,2026-04-14 02:00:00+00:00,vibration_mm_s,3.11,mm/s,2026-S1,EQ-PUMP-001|2026-04-14T02:00:00Z|vibration_mm_s
EQ-PUMP-001,2026-04-14 08:00:00+00:00,vibration_mm_s,3.36,mm/s,2026-S1,EQ-PUMP-001|2026-04-14T08:00:00Z|vibration_mm_s
EQ-PUMP-001,2026-04-14 14:00:00+00:00,vibration_mm_s,2.71,mm/s,2026-S1,EQ-PUMP-001|2026-04-14T14:00:00Z|vibration_mm_s
EQ-PUMP-001,2026-04-14 20:00:00+00:00,vibration_mm_s,2.83,mm/s,2026-S1,EQ-PUMP-001|2026-04-14T20:00:00Z|vibration_mm_s
EQ-PUMP-001,2026-04-15 02:00:00+00:00,vibration_mm_s,2.77,mm/s,2026-S1,EQ-PUMP-001|2026-04-15T02:00:00Z|vibration_mm_s
EQ-PUMP-001,2026-04-15 08:00:00+00:00,vibration_mm_s,3.62,mm/s,2026-S1,EQ-PUMP-001|2026-04-15T08:00:00Z|vibration_mm_s
EQ-PUMP-001,2026-04-15 14:00:00+00:00,vibration_mm_s,2.63,mm/s,2026-S1,EQ-PUMP-001|2026-04-15T14:00:00Z|vibration_mm_s
EQ-PUMP-001,2026-04-15 20:00:00+00:00,vibration_mm_s,2.56,mm/s,2026-S1,EQ-PUMP-001|2026-04-15T20:00:00Z|vibration_mm_s
EQ-PUMP-001,2026-04-16 02:00:00+00:00,vibration_mm_s,3.32,mm/s,2026-S1,EQ-PUMP-001|2026-04-16T02:00:00Z|vibration_mm_s
EQ-PUMP-001,2026-04-16 08:00:00+00:00,vibration_mm_s,3.48,mm/s,2026-S1,EQ-PUMP-001|2026-04-16T08:00:00Z|vibration_mm_s
EQ-PUMP-001,2026-04-16 14:00:00+00:00,vibration_mm_s,2.94,mm/s,2026-S1,EQ-PUMP-001|2026-04-16T14:00:00Z|vibration_mm_s
EQ-PUMP-001,2026-04-16 20:00:00+00:00,vibration_mm_s,2.78,mm/s,2026-S1,EQ-PUMP-001|2026-04-16T20:00:00Z|vibration_mm_s
EQ-PUMP-001,2026-04-17 02:00:00+00:00,vibration_mm_s,2.95,mm/s,2026-S1,EQ-PUMP-001|2026-04-17T02:00:00Z|vibration_mm_s
EQ-PUMP-001,2026-04-17 08:00:00+00:00,vibration_mm_s,3.03,mm/s,2026-S1,EQ-PUMP-001|2026-04-17T08:00:00Z|vibration_mm_s
EQ-PUMP-001,2026-04-17 14:00:00+00:00,vibration_mm_s,2.84,mm/s,2026-S1,EQ-PUMP-001|2026-04-17T14:00:00Z|vibration_mm_s
EQ-PUMP-001,2026-04-17 20:00:00+00:00,vibration_mm_s,2.33,mm/s,2026-S1,EQ-PUMP-001|2026-04-17T20:00:00Z|vibration_mm_s
EQ-PUMP-001,2026-04-18 02:00:00+00:00,vibration_mm_s,2.85,mm/s,2026-S1,EQ-PUMP-001|2026-04-18T02:00:00Z|vibration_mm_s
EQ-PUMP-001,2026-04-18 08:00:00+00:00,vibration_mm_s,3.15,mm/s,2026-S1,EQ-PUMP-001|2026-04-18T08:00:00Z|vibration_mm_s
EQ-PUMP-001,2026-04-18 14:00:00+00:00,vibration_mm_s,2.45,mm/s,2026-S1,EQ-PUMP-001|2026-04-18T14:00:00Z|vibration_mm_s
EQ-PUMP-001,2026-04-18 20:00:00+00:00,vibration_mm_s,2.34,mm/s,2026-S1,EQ-PUMP-001|2026-04-18T20:00:00Z|vibration_mm_s
EQ-PUMP-001,2026-04-19 02:00:00+00:00,vibration_mm_s,2.85,mm/s,2026-S1,EQ-PUMP-001|2026-04-19T02:00:00Z|vibration_mm_s
EQ-PUMP-001,2026-04-19 08:00:00+00:00,vibration_mm_s,3.07,mm/s,2026-S1,EQ-PUMP-001|2026-04-19T08:00:00Z|vibration_mm_s
EQ-PUMP-001,2026-04-19 14:00:00+00:00,vibration_mm_s,2.79,mm/s,2026-S1,EQ-PUMP-001|2026-04-19T14:00:00Z|vibration_mm_s
EQ-PUMP-001,2026-04-19 20:00:00+00:00,vibration_mm_s,2.36,mm/s,2026-S1,EQ-PUMP-001|2026-04-19T20:00:00Z|vibration_mm_s
EQ-PUMP-001,2026-04-20 02:00:00+00:00,vibration_mm_s,2.78,mm/s,2026-S1,EQ-PUMP-001|2026-04-20T02:00:00Z|vibration_mm_s
EQ-PUMP-001,2026-04-20 08:00:00+00:00,vibration_mm_s,3.84,mm/s,2026-S1,EQ-PUMP-001|2026-04-20T08:00:00Z|vibration_mm_s
EQ-PUMP-001,2026-04-20 14:00:00+00:00,vibration_mm_s,2.53,mm/s,2026-S1,EQ-PUMP-001|2026-04-20T14:00:00Z|vibration_mm_s
EQ-PUMP-001,2026-04-20 20:00:00+00:00,vibration_mm_s,2.39,mm/s,2026-S1,EQ-PUMP-001|2026-04-20T20:00:00Z|vibration_mm_s
EQ-PUMP-001,2026-04-21 02:00:00+00:00,vibration_mm_s,3.1,mm/s,2026-S1,EQ-PUMP-001|2026-04-21T02:00:00Z|vibration_mm_s
EQ-PUMP-001,2026-04-21 08:00:00+00:00,vibration_mm_s,3.36,mm/s,2026-S1,EQ-PUMP-001|2026-04-21T08:00:00Z|vibration_mm_s
EQ-PUMP-001,2026-04-21 14:00:00+00:00,vibration_mm_s,2.73,mm/s,2026-S1,EQ-PUMP-001|2026-04-21T14:00:00Z|vibration_mm_s
EQ-PUMP-001,2026-04-21 20:00:00+00:00,vibration_mm_s,2.48,mm/s,2026-S1,EQ-PUMP-001|2026-04-21T20:00:00Z|vibration_mm_s
EQ-PUMP-001,2026-04-22 02:00:00+00:00,vibration_mm_s,2.86,mm/s,2026-S1,EQ-PUMP-001|2026-04-22T02:00:00Z|vibration_mm_s
EQ-PUMP-001,2026-04-22 08:00:00+00:00,vibration_mm_s,3.29,mm/s,2026-S1,EQ-PUMP-001|2026-04-22T08:00:00Z|vibration_mm_s
EQ-PUMP-001,2026-04-22 14:00:00+00:00,vibration_mm_s,3.0,mm/s,2026-S1,EQ-PUMP-001|2026-04-22T14:00:00Z|vibration_mm_s
EQ-PUMP-001,2026-04-22 20:00:00+00:00,vibration_mm_s,3.13,mm/s,2026-S1,EQ-PUMP-001|2026-04-22T20:00:00Z|vibration_mm_s
EQ-PUMP-001,2026-04-23 02:00:00+00:00,vibration_mm_s,2.82,mm/s,2026-S1,EQ-PUMP-001|2026-04-23T02:00:00Z|vibration_mm_s
EQ-PUMP-001,2026-04-23 08:00:00+00:00,vibration_mm_s,3.04,mm/s,2026-S1,EQ-PUMP-001|2026-04-23T08:00:00Z|vibration_mm_s
EQ-PUMP-001,2026-04-23 14:00:00+00:00,vibration_mm_s,2.97,mm/s,2026-S1,EQ-PUMP-001|2026-04-23T14:00:00Z|vibration_mm_s
EQ-PUMP-001,2026-04-23 20:00:00+00:00,vibration_mm_s,2.58,mm/s,2026-S1,EQ-PUMP-001|2026-04-23T20:00:00Z|vibration_mm_s
EQ-PUMP-001,2026-04-24 02:00:00+00:00,vibration_mm_s,2.77,mm/s,2026-S1,EQ-PUMP-001|2026-04-24T02:00:00Z|vibration_mm_s
EQ-PUMP-001,2026-04-24 08:00:00+00:00,vibration_mm_s,3.38,mm/s,2026-S1,EQ-PUMP-001|2026-04-24T08:00:00Z|vibration_mm_s
EQ-PUMP-001,2026-04-24 14:00:00+00:00,vibration_mm_s,2.8,mm/s,2026-S1,EQ-PUMP-001|2026-04-24T14:00:00Z|vibration_mm_s
EQ-PUMP-001,2026-04-24 20:00:00+00:00,vibration_mm_s,2.65,mm/s,2026-S1,EQ-PUMP-001|2026-04-24T20:00:00Z|vibration_mm_s
EQ-PUMP-001,2026-04-25 02:00:00+00:00,vibration_mm_s,3.05,mm/s,2026-S1,EQ-PUMP-001|2026-04-25T02:00:00Z|vibration_mm_s
EQ-PUMP-001,2026-04-25 08:00:00+00:00,vibration_mm_s,3.25,mm/s,2026-S1,EQ-PUMP-001|2026-04-25T08:00:00Z|vibration_mm_s
EQ-PUMP-001,2026-04-25 14:00:00+00:00,vibration_mm_s,2.47,mm/s,2026-S1,EQ-PUMP-001|2026-04-25T14:00:00Z|vibration_mm_s
EQ-PUMP-001,2026-04-25 20:00:00+00:00,vibration_mm_s,2.41,mm/s,2026-S1,EQ-PUMP-001|2026-04-25T20:00:00Z|vibration_mm_s
EQ-PUMP-001,2026-04-26 02:00:00+00:00,vibration_mm_s,2.5,mm/s,2026-S1,EQ-PUMP-001|2026-04-26T02:00:00Z|vibration_mm_s
EQ-PUMP-001,2026-04-26 08:00:00+00:00,vibration_mm_s,2.95,mm/s,2026-S1,EQ-PUMP-001|2026-04-26T08:00:00Z|vibration_mm_s
EQ-PUMP-001,2026-04-26 14:00:00+00:00,vibration_mm_s,2.72,mm/s,2026-S1,EQ-PUMP-001|2026-04-26T14:00:00Z|vibration_mm_s
EQ-PUMP-001,2026-04-26 20:00:00+00:00,vibration_mm_s,2.29,mm/s,2026-S1,EQ-PUMP-001|2026-04-26T20:00:00Z|vibration_mm_s
EQ-PUMP-001,2026-04-27 02:00:00+00:00,vibration_mm_s,2.55,mm/s,2026-S1,EQ-PUMP-001|2026-04-27T02:00:00Z|vibration_mm_s
EQ-PUMP-001,2026-04-27 08:00:00+00:00,vibration_mm_s,3.45,mm/s,2026-S1,EQ-PUMP-001|2026-04-27T08:00:00Z|vibration_mm_s
EQ-PUMP-001,2026-04-27 14:00:00+00:00,vibration_mm_s,2.76,mm/s,2026-S1,EQ-PUMP-001|2026-04-27T14:00:00Z|vibration_mm_s
EQ-PUMP-001,2026-04-27 20:00:00+00:00,vibration_mm_s,2.26,mm/s,2026-S1,EQ-PUMP-001|2026-04-27T20:00:00Z|vibration_mm_s
EQ-PUMP-001,2026-04-28 02:00:00+00:00,vibration_mm_s,2.75,mm/s,2026-S1,EQ-PUMP-001|2026-04-28T02:00:00Z|vibration_mm_s
EQ-PUMP-001,2026-04-28 08:00:00+00:00,vibration_mm_s,3.26,mm/s,2026-S1,EQ-PUMP-001|2026-04-28T08:00:00Z|vibration_mm_s
EQ-PUMP-001,2026-04-28 14:00:00+00:00,vibration_mm_s,2.79,mm/s,2026-S1,EQ-PUMP-001|2026-04-28T14:00:00Z|vibration_mm_s
EQ-PUMP-001,2026-04-28 20:00:00+00:00,vibration_mm_s,2.76,mm/s,2026-S1,EQ-PUMP-001|2026-04-28T20:00:00Z|vibration_mm_s
EQ-PUMP-001,2026-04-29 02:00:00+00:00,vibration_mm_s,3.16,mm/s,2026-S1,EQ-PUMP-001|2026-04-29T02:00:00Z|vibration_mm_s
EQ-PUMP-001,2026-04-29 08:00:00+00:00,vibration_mm_s,3.23,mm/s,2026-S1,EQ-PUMP-001|2026-04-29T08:00:00Z|vibration_mm_s
EQ-PUMP-001,2026-04-29 14:00:00+00:00,vibration_mm_s,2.83,mm/s,2026-S1,EQ-PUMP-001|2026-04-29T14:00:00Z|vibration_mm_s
EQ-PUMP-001,2026-04-29 20:00:00+00:00,vibration_mm_s,2.68,mm/s,2026-S1,EQ-PUMP-001|2026-04-29T20:00:00Z|vibration_mm_s
EQ-PUMP-001,2026-04-30 02:00:00+00:00,vibration_mm_s,3.11,mm/s,2026-S1,EQ-PUMP-001|2026-04-30T02:00:00Z|vibration_mm_s
EQ-PUMP-001,2026-04-30 08:00:00+00:00,vibration_mm_s,3.48,mm/s,2026-S1,EQ-PUMP-001|2026-04-30T08:00:00Z|vibration_mm_s
EQ-PUMP-001,2026-04-30 14:00:00+00:00,vibration_mm_s,3.0,mm/s,2026-S1,EQ-PUMP-001|2026-04-30T14:00:00Z|vibration_mm_s
EQ-PUMP-001,2026-04-30 20:00:00+00:00,vibration_mm_s,2.34,mm/s,2026-S1,EQ-PUMP-001|2026-04-30T20:00:00Z|vibration_mm_s
EQ-PUMP-001,2026-05-01 02:00:00+00:00,vibration_mm_s,3.05,mm/s,2026-S1,EQ-PUMP-001|2026-05-01T02:00:00Z|vibration_mm_s
EQ-PUMP-001,2026-05-01 08:00:00+00:00,vibration_mm_s,2.88,mm/s,2026-S1,EQ-PUMP-001|2026-05-01T08:00:00Z|vibration_mm_s
EQ-PUMP-001,2026-05-01 14:00:00+00:00,vibration_mm_s,2.78,mm/s,2026-S1,EQ-PUMP-001|2026-05-01T14:00:00Z|vibration_mm_s
EQ-PUMP-001,2026-05-01 20:00:00+00:00,vibration_mm_s,2.97,mm/s,2026-S1,EQ-PUMP-001|2026-05-01T20:00:00Z|vibration_mm_s
EQ-PUMP-001,2026-05-02 02:00:00+00:00,vibration_mm_s,2.69,mm/s,2026-S1,EQ-PUMP-001|2026-05-02T02:00:00Z|vibration_mm_s
EQ-PUMP-001,2026-05-02 08:00:00+00:00,vibration_mm_s,2.94,mm/s,2026-S1,EQ-PUMP-001|2026-05-02T08:00:00Z|vibration_mm_s
EQ-PUMP-001,2026-05-02 14:00:00+00:00,vibration_mm_s,2.88,mm/s,2026-S1,EQ-PUMP-001|2026-05-02T14:00:00Z|vibration_mm_s
EQ-PUMP-001,2026-05-02 20:00:00+00:00,vibration_mm_s,2.3,mm/s,2026-S1,EQ-PUMP-001|2026-05-02T20:00:00Z|vibration_mm_s
EQ-PUMP-001,2026-05-03 02:00:00+00:00,vibration_mm_s,2.86,mm/s,2026-S1,EQ-PUMP-001|2026-05-03T02:00:00Z|vibration_mm_s
EQ-PUMP-001,2026-05-03 08:00:00+00:00,vibration_mm_s,3.41,mm/s,2026-S1,EQ-PUMP-001|2026-05-03T08:00:00Z|vibration_mm_s
EQ-PUMP-001,2026-05-03 14:00:00+00:00,vibration_mm_s,2.84,mm/s,2026-S1,EQ-PUMP-001|2026-05-03T14:00:00Z|vibration_mm_s
EQ-PUMP-001,2026-05-03 20:00:00+00:00,vibration_mm_s,2.58,mm/s,2026-S1,EQ-PUMP-001|2026-05-03T20:00:00Z|vibration_mm_s
EQ-PUMP-001,2026-05-04 02:00:00+00:00,vibration_mm_s,2.76,mm/s,2026-S1,EQ-PUMP-001|2026-05-04T02:00:00Z|vibration_mm_s
EQ-PUMP-001,2026-05-04 08:00:00+00:00,vibration_mm_s,3.04,mm/s,2026-S1,EQ-PUMP-001|2026-05-04T08:00:00Z|vibration_mm_s
EQ-PUMP-001,2026-05-04 14:00:00+00:00,vibration_mm_s,3.0,mm/s,2026-S1,EQ-PUMP-001|2026-05-04T14:00:00Z|vibration_mm_s
EQ-PUMP-001,2026-05-04 20:00:00+00:00,vibration_mm_s,2.52,mm/s,2026-S1,EQ-PUMP-001|2026-05-04T20:00:00Z|vibration_mm_s
EQ-PUMP-001,2026-05-05 02:00:00+00:00,vibration_mm_s,2.74,mm/s,2026-S1,EQ-PUMP-001|2026-05-05T02:00:00Z|vibration_mm_s
EQ-PUMP-001,2026-05-05 08:00:00+00:00,vibration_mm_s,3.53,mm/s,2026-S1,EQ-PUMP-001|2026-05-05T08:00:00Z|vibration_mm_s
EQ-PUMP-001,2026-05-05 14:00:00+00:00,vibration_mm_s,2.33,mm/s,2026-S1,EQ-PUMP-001|2026-05-05T14:00:00Z|vibration_mm_s
EQ-PUMP-001,2026-05-05 20:00:00+00:00,vibration_mm_s,2.64,mm/s,2026-S1,EQ-PUMP-001|2026-05-05T20:00:00Z|vibration_mm_s
EQ-PUMP-001,2026-05-06 02:00:00+00:00,vibration_mm_s,2.79,mm/s,2026-S1,EQ-PUMP-001|2026-05-06T02:00:00Z|vibration_mm_s
EQ-PUMP-001,2026-05-06 08:00:00+00:00,vibration_mm_s,2.87,mm/s,2026-S1,EQ-PUMP-001|2026-05-06T08:00:00Z|vibration_mm_s
EQ-PUMP-001,2026-05-06 14:00:00+00:00,vibration_mm_s,2.99,mm/s,2026-S1,EQ-PUMP-001|2026-05-06T14:00:00Z|vibration_mm_s
EQ-PUMP-001,2026-05-06 20:00:00+00:00,vibration_mm_s,2.9,mm/s,2026-S1,EQ-PUMP-001|2026-05-06T20:00:00Z|vibration_mm_s
EQ-PUMP-001,2026-05-07 02:00:00+00:00,vibration_mm_s,3.23,mm/s,2026-S1,EQ-PUMP-001|2026-05-07T02:00:00Z|vibration_mm_s
EQ-PUMP-001,2026-05-07 08:00:00+00:00,vibration_mm_s,2.65,mm/s,2026-S1,EQ-PUMP-001|2026-05-07T08:00:00Z|vibration_mm_s
EQ-PUMP-001,2026-05-07 14:00:00+00:00,vibration_mm_s,2.39,mm/s,2026-S1,EQ-PUMP-001|2026-05-07T14:00:00Z|vibration_mm_s
EQ-PUMP-001,2026-05-07 20:00:00+00:00,vibration_mm_s,2.6,mm/s,2026-S1,EQ-PUMP-001|2026-05-07T20:00:00Z|vibration_mm_s
EQ-PUMP-001,2026-05-08 02:00:00+00:00,vibration_mm_s,3.2,mm/s,2026-S1,EQ-PUMP-001|2026-05-08T02:00:00Z|vibration_mm_s
EQ-PUMP-001,2026-05-08 08:00:00+00:00,vibration_mm_s,3.02,mm/s,2026-S1,EQ-PUMP-001|2026-05-08T08:00:00Z|vibration_mm_s
EQ-PUMP-001,2026-05-08 14:00:00+00:00,vibration_mm_s,2.87,mm/s,2026-S1,EQ-PUMP-001|2026-05-08T14:00:00Z|vibration_mm_s
EQ-PUMP-001,2026-05-08 20:00:00+00:00,vibration_mm_s,2.38,mm/s,2026-S1,EQ-PUMP-001|2026-05-08T20:00:00Z|vibration_mm_s
EQ-PUMP-001,2026-05-09 02:00:00+00:00,vibration_mm_s,2.61,mm/s,2026-S1,EQ-PUMP-001|2026-05-09T02:00:00Z|vibration_mm_s
EQ-PUMP-001,2026-05-09 08:00:00+00:00,vibration_mm_s,3.31,mm/s,2026-S1,EQ-PUMP-001|2026-05-09T08:00:00Z|vibration_mm_s
EQ-PUMP-001,2026-05-09 14:00:00+00:00,vibration_mm_s,2.35,mm/s,2026-S1,EQ-PUMP-001|2026-05-09T14:00:00Z|vibration_mm_s
EQ-PUMP-001,2026-05-09 20:00:00+00:00,vibration_mm_s,2.39,mm/s,2026-S1,EQ-PUMP-001|2026-05-09T20:00:00Z|vibration_mm_s
EQ-PUMP-001,2026-05-10 02:00:00+00:00,vibration_mm_s,2.77,mm/s,2026-S1,EQ-PUMP-001|2026-05-10T02:00:00Z|vibration_mm_s
EQ-PUMP-001,2026-05-10 08:00:00+00:00,vibration_mm_s,2.68,mm/s,2026-S1,EQ-PUMP-001|2026-05-10T08:00:00Z|vibration_mm_s
EQ-PUMP-001,2026-05-10 14:00:00+00:00,vibration_mm_s,2.72,mm/s,2026-S1,EQ-PUMP-001|2026-05-10T14:00:00Z|vibration_mm_s
EQ-PUMP-001,2026-05-10 20:00:00+00:00,vibration_mm_s,2.26,mm/s,2026-S1,EQ-PUMP-001|2026-05-10T20:00:00Z|vibration_mm_s
EQ-PUMP-001,2026-05-11 02:00:00+00:00,vibration_mm_s,2.7,mm/s,2026-S1,EQ-PUMP-001|2026-05-11T02:00:00Z|vibration_mm_s
EQ-PUMP-001,2026-05-11 08:00:00+00:00,vibration_mm_s,3.23,mm/s,2026-S1,EQ-PUMP-001|2026-05-11T08:00:00Z|vibration_mm_s
EQ-PUMP-001,2026-05-11 14:00:00+00:00,vibration_mm_s,2.49,mm/s,2026-S1,EQ-PUMP-001|2026-05-11T14:00:00Z|vibration_mm_s
EQ-PUMP-001,2026-05-11 20:00:00+00:00,vibration_mm_s,2.55,mm/s,2026-S1,EQ-PUMP-001|2026-05-11T20:00:00Z|vibration_mm_s
EQ-PUMP-001,2026-05-12 02:00:00+00:00,vibration_mm_s,2.64,mm/s,2026-S1,EQ-PUMP-001|2026-05-12T02:00:00Z|vibration_mm_s
EQ-PUMP-001,2026-05-12 08:00:00+00:00,vibration_mm_s,3.12,mm/s,2026-S1,EQ-PUMP-001|2026-05-12T08:00:00Z|vibration_mm_s
EQ-PUMP-001,2026-05-12 14:00:00+00:00,vibration_mm_s,2.9,mm/s,2026-S1,EQ-PUMP-001|2026-05-12T14:00:00Z|vibration_mm_s
EQ-PUMP-001,2026-05-12 20:00:00+00:00,vibration_mm_s,2.43,mm/s,2026-S1,EQ-PUMP-001|2026-05-12T20:00:00Z|vibration_mm_s
EQ-PUMP-001,2026-05-13 02:00:00+00:00,vibration_mm_s,2.56,mm/s,2026-S1,EQ-PUMP-001|2026-05-13T02:00:00Z|vibration_mm_s
EQ-PUMP-001,2026-05-13 08:00:00+00:00,vibration_mm_s,3.47,mm/s,2026-S1,EQ-PUMP-001|2026-05-13T08:00:00Z|vibration_mm_s
EQ-PUMP-001,2026-05-13 14:00:00+00:00,vibration_mm_s,3.04,mm/s,2026-S1,EQ-PUMP-001|2026-05-13T14:00:00Z|vibration_mm_s
EQ-PUMP-001,2026-05-13 20:00:00+00:00,vibration_mm_s,2.39,mm/s,2026-S1,EQ-PUMP-001|2026-05-13T20:00:00Z|vibration_mm_s
EQ-PUMP-001,2026-05-14 02:00:00+00:00,vibration_mm_s,3.42,mm/s,2026-S1,EQ-PUMP-001|2026-05-14T02:00:00Z|vibration_mm_s
EQ-PUMP-001,2026-05-14 08:00:00+00:00,vibration_mm_s,3.32,mm/s,2026-S1,EQ-PUMP-001|2026-05-14T08:00:00Z|vibration_mm_s
EQ-PUMP-001,2026-05-14 14:00:00+00:00,vibration_mm_s,2.76,mm/s,2026-S1,EQ-PUMP-001|2026-05-14T14:00:00Z|vibration_mm_s
EQ-PUMP-001,2026-05-14 20:00:00+00:00,vibration_mm_s,2.74,mm/s,2026-S1,EQ-PUMP-001|2026-05-14T20:00:00Z|vibration_mm_s
EQ-PUMP-001,2026-05-15 02:00:00+00:00,vibration_mm_s,3.05,mm/s,2026-S1,EQ-PUMP-001|2026-05-15T02:00:00Z|vibration_mm_s
EQ-PUMP-001,2026-05-15 08:00:00+00:00,vibration_mm_s,3.41,mm/s,2026-S1,EQ-PUMP-001|2026-05-15T08:00:00Z|vibration_mm_s
EQ-PUMP-001,2026-05-15 14:00:00+00:00,vibration_mm_s,3.0,mm/s,2026-S1,EQ-PUMP-001|2026-05-15T14:00:00Z|vibration_mm_s
EQ-PUMP-001,2026-05-15 20:00:00+00:00,vibration_mm_s,2.68,mm/s,2026-S1,EQ-PUMP-001|2026-05-15T20:00:00Z|vibration_mm_s
EQ-PUMP-001,2026-05-16 02:00:00+00:00,vibration_mm_s,2.55,mm/s,2026-S1,EQ-PUMP-001|2026-05-16T02:00:00Z|vibration_mm_s
EQ-PUMP-001,2026-05-16 08:00:00+00:00,vibration_mm_s,2.87,mm/s,2026-S1,EQ-PUMP-001|2026-05-16T08:00:00Z|vibration_mm_s
EQ-PUMP-001,2026-05-16 14:00:00+00:00,vibration_mm_s,2.83,mm/s,2026-S1,EQ-PUMP-001|2026-05-16T14:00:00Z|vibration_mm_s
EQ-PUMP-001,2026-05-16 20:00:00+00:00,vibration_mm_s,2.54,mm/s,2026-S1,EQ-PUMP-001|2026-05-16T20:00:00Z|vibration_mm_s
EQ-PUMP-001,2026-05-17 02:00:00+00:00,vibration_mm_s,2.69,mm/s,2026-S1,EQ-PUMP-001|2026-05-17T02:00:00Z|vibration_mm_s
EQ-PUMP-001,2026-05-17 08:00:00+00:00,vibration_mm_s,2.74,mm/s,2026-S1,EQ-PUMP-001|2026-05-17T08:00:00Z|vibration_mm_s
EQ-PUMP-001,2026-05-17 14:00:00+00:00,vibration_mm_s,2.81,mm/s,2026-S1,EQ-PUMP-001|2026-05-17T14:00:00Z|vibration_mm_s
EQ-PUMP-001,2026-05-17 20:00:00+00:00,vibration_mm_s,2.78,mm/s,2026-S1,EQ-PUMP-001|2026-05-17T20:00:00Z|vibration_mm_s
EQ-PUMP-001,2026-05-18 02:00:00+00:00,vibration_mm_s,2.94,mm/s,2026-S1,EQ-PUMP-001|2026-05-18T02:00:00Z|vibration_mm_s
EQ-PUMP-001,2026-05-18 08:00:00+00:00,vibration_mm_s,2.98,mm/s,2026-S1,EQ-PUMP-001|2026-05-18T08:00:00Z|vibration_mm_s
EQ-PUMP-001,2026-05-18 14:00:00+00:00,vibration_mm_s,2.84,mm/s,2026-S1,EQ-PUMP-001|2026-05-18T14:00:00Z|vibration_mm_s
EQ-PUMP-001,2026-05-18 20:00:00+00:00,vibration_mm_s,2.69,mm/s,2026-S1,EQ-PUMP-001|2026-05-18T20:00:00Z|vibration_mm_s
EQ-PUMP-001,2026-05-19 02:00:00+00:00,vibration_mm_s,2.56,mm/s,2026-S1,EQ-PUMP-001|2026-05-19T02:00:00Z|vibration_mm_s
EQ-PUMP-001,2026-05-19 08:00:00+00:00,vibration_mm_s,3.24,mm/s,2026-S1,EQ-PUMP-001|2026-05-19T08:00:00Z|vibration_mm_s
EQ-PUMP-001,2026-05-19 14:00:00+00:00,vibration_mm_s,2.89,mm/s,2026-S1,EQ-PUMP-001|2026-05-19T14:00:00Z|vibration_mm_s
EQ-PUMP-001,2026-05-19 20:00:00+00:00,vibration_mm_s,2.68,mm/s,2026-S1,EQ-PUMP-001|2026-05-19T20:00:00Z|vibration_mm_s
EQ-PUMP-001,2026-05-20 02:00:00+00:00,vibration_mm_s,2.88,mm/s,2026-S1,EQ-PUMP-001|2026-05-20T02:00:00Z|vibration_mm_s
EQ-PUMP-001,2026-05-20 08:00:00+00:00,vibration_mm_s,3.1,mm/s,2026-S1,EQ-PUMP-001|2026-05-20T08:00:00Z|vibration_mm_s
EQ-PUMP-001,2026-05-20 14:00:00+00:00,vibration_mm_s,2.71,mm/s,2026-S1,EQ-PUMP-001|2026-05-20T14:00:00Z|vibration_mm_s
EQ-PUMP-001,2026-05-20 20:00:00+00:00,vibration_mm_s,2.43,mm/s,2026-S1,EQ-PUMP-001|2026-05-20T20:00:00Z|vibration_mm_s
EQ-PUMP-001,2026-05-21 02:00:00+00:00,vibration_mm_s,2.67,mm/s,2026-S1,EQ-PUMP-001|2026-05-21T02:00:00Z|vibration_mm_s
EQ-PUMP-001,2026-05-21 08:00:00+00:00,vibration_mm_s,3.58,mm/s,2026-S1,EQ-PUMP-001|2026-05-21T08:00:00Z|vibration_mm_s
EQ-PUMP-001,2026-05-21 14:00:00+00:00,vibration_mm_s,2.85,mm/s,2026-S1,EQ-PUMP-001|2026-05-21T14:00:00Z|vibration_mm_s
EQ-PUMP-001,2026-05-21 20:00:00+00:00,vibration_mm_s,2.41,mm/s,2026-S1,EQ-PUMP-001|2026-05-21T20:00:00Z|vibration_mm_s
EQ-PUMP-001,2026-05-22 02:00:00+00:00,vibration_mm_s,2.97,mm/s,2026-S1,EQ-PUMP-001|2026-05-22T02:00:00Z|vibration_mm_s
EQ-PUMP-001,2026-05-22 08:00:00+00:00,vibration_mm_s,2.8,mm/s,2026-S1,EQ-PUMP-001|2026-05-22T08:00:00Z|vibration_mm_s
EQ-PUMP-001,2026-05-22 14:00:00+00:00,vibration_mm_s,3.1,mm/s,2026-S1,EQ-PUMP-001|2026-05-22T14:00:00Z|vibration_mm_s
EQ-PUMP-001,2026-05-22 20:00:00+00:00,vibration_mm_s,2.72,mm/s,2026-S1,EQ-PUMP-001|2026-05-22T20:00:00Z|vibration_mm_s
EQ-PUMP-001,2026-05-23 02:00:00+00:00,vibration_mm_s,2.86,mm/s,2026-S1,EQ-PUMP-001|2026-05-23T02:00:00Z|vibration_mm_s
EQ-PUMP-001,2026-05-23 08:00:00+00:00,vibration_mm_s,3.16,mm/s,2026-S1,EQ-PUMP-001|2026-05-23T08:00:00Z|vibration_mm_s
EQ-PUMP-001,2026-05-23 14:00:00+00:00,vibration_mm_s,2.52,mm/s,2026-S1,EQ-PUMP-001|2026-05-23T14:00:00Z|vibration_mm_s
EQ-PUMP-001,2026-05-23 20:00:00+00:00,vibration_mm_s,2.52,mm/s,2026-S1,EQ-PUMP-001|2026-05-23T20:00:00Z|vibration_mm_s
EQ-PUMP-001,2026-05-24 02:00:00+00:00,vibration_mm_s,2.41,mm/s,2026-S1,EQ-PUMP-001|2026-05-24T02:00:00Z|vibration_mm_s
EQ-PUMP-001,2026-05-24 08:00:00+00:00,vibration_mm_s,3.01,mm/s,2026-S1,EQ-PUMP-001|2026-05-24T08:00:00Z|vibration_mm_s
EQ-PUMP-001,2026-05-24 14:00:00+00:00,vibration_mm_s,3.05,mm/s,2026-S1,EQ-PUMP-001|2026-05-24T14:00:00Z|vibration_mm_s
EQ-PUMP-001,2026-05-24 20:00:00+00:00,vibration_mm_s,2.4,mm/s,2026-S1,EQ-PUMP-001|2026-05-24T20:00:00Z|vibration_mm_s
EQ-PUMP-001,2026-05-25 02:00:00+00:00,vibration_mm_s,2.91,mm/s,2026-S1,EQ-PUMP-001|2026-05-25T02:00:00Z|vibration_mm_s
EQ-PUMP-001,2026-05-25 08:00:00+00:00,vibration_mm_s,3.28,mm/s,2026-S1,EQ-PUMP-001|2026-05-25T08:00:00Z|vibration_mm_s
EQ-PUMP-001,2026-05-25 14:00:00+00:00,vibration_mm_s,2.95,mm/s,2026-S1,EQ-PUMP-001|2026-05-25T14:00:00Z|vibration_mm_s
EQ-PUMP-001,2026-05-25 20:00:00+00:00,vibration_mm_s,2.59,mm/s,2026-S1,EQ-PUMP-001|2026-05-25T20:00:00Z|vibration_mm_s
EQ-PUMP-001,2026-05-26 02:00:00+00:00,vibration_mm_s,2.92,mm/s,2026-S1,EQ-PUMP-001|2026-05-26T02:00:00Z|vibration_mm_s
EQ-PUMP-001,2026-05-26 08:00:00+00:00,vibration_mm_s,3.15,mm/s,2026-S1,EQ-PUMP-001|2026-05-26T08:00:00Z|vibration_mm_s
EQ-PUMP-001,2026-05-26 14:00:00+00:00,vibration_mm_s,2.76,mm/s,2026-S1,EQ-PUMP-001|2026-05-26T14:00:00Z|vibration_mm_s
EQ-PUMP-001,2026-05-26 20:00:00+00:00,vibration_mm_s,2.23,mm/s,2026-S1,EQ-PUMP-001|2026-05-26T20:00:00Z|vibration_mm_s
EQ-PUMP-001,2026-05-27 02:00:00+00:00,vibration_mm_s,2.78,mm/s,2026-S1,EQ-PUMP-001|2026-05-27T02:00:00Z|vibration_mm_s
EQ-PUMP-001,2026-05-27 08:00:00+00:00,vibration_mm_s,3.36,mm/s,2026-S1,EQ-PUMP-001|2026-05-27T08:00:00Z|vibration_mm_s
EQ-PUMP-001,2026-05-27 14:00:00+00:00,vibration_mm_s,2.81,mm/s,2026-S1,EQ-PUMP-001|2026-05-27T14:00:00Z|vibration_mm_s
EQ-PUMP-001,2026-05-27 20:00:00+00:00,vibration_mm_s,2.1,mm/s,2026-S1,EQ-PUMP-001|2026-05-27T20:00:00Z|vibration_mm_s
EQ-PUMP-001,2026-05-28 02:00:00+00:00,vibration_mm_s,3.07,mm/s,2026-S1,EQ-PUMP-001|2026-05-28T02:00:00Z|vibration_mm_s
EQ-PUMP-001,2026-05-28 08:00:00+00:00,vibration_mm_s,3.19,mm/s,2026-S1,EQ-PUMP-001|2026-05-28T08:00:00Z|vibration_mm_s
EQ-PUMP-001,2026-05-28 14:00:00+00:00,vibration_mm_s,3.03,mm/s,2026-S1,EQ-PUMP-001|2026-05-28T14:00:00Z|vibration_mm_s
EQ-PUMP-001,2026-05-28 20:00:00+00:00,vibration_mm_s,2.63,mm/s,2026-S1,EQ-PUMP-001|2026-05-28T20:00:00Z|vibration_mm_s
EQ-PUMP-001,2026-05-29 02:00:00+00:00,vibration_mm_s,3.2,mm/s,2026-S1,EQ-PUMP-001|2026-05-29T02:00:00Z|vibration_mm_s
EQ-PUMP-001,2026-05-29 08:00:00+00:00,vibration_mm_s,3.46,mm/s,2026-S1,EQ-PUMP-001|2026-05-29T08:00:00Z|vibration_mm_s
EQ-PUMP-001,2026-05-29 14:00:00+00:00,vibration_mm_s,2.95,mm/s,2026-S1,EQ-PUMP-001|2026-05-29T14:00:00Z|vibration_mm_s
EQ-PUMP-001,2026-05-29 20:00:00+00:00,vibration_mm_s,2.92,mm/s,2026-S1,EQ-PUMP-001|2026-05-29T20:00:00Z|vibration_mm_s
EQ-PUMP-001,2026-05-30 02:00:00+00:00,vibration_mm_s,2.74,mm/s,2026-S1,EQ-PUMP-001|2026-05-30T02:00:00Z|vibration_mm_s
EQ-PUMP-001,2026-05-30 08:00:00+00:00,vibration_mm_s,2.95,mm/s,2026-S1,EQ-PUMP-001|2026-05-30T08:00:00Z|vibration_mm_s
EQ-PUMP-001,2026-05-30 14:00:00+00:00,vibration_mm_s,2.49,mm/s,2026-S1,EQ-PUMP-001|2026-05-30T14:00:00Z|vibration_mm_s
EQ-PUMP-001,2026-05-30 20:00:00+00:00,vibration_mm_s,2.2,mm/s,2026-S1,EQ-PUMP-001|2026-05-30T20:00:00Z|vibration_mm_s
EQ-PUMP-001,2026-05-31 02:00:00+00:00,vibration_mm_s,3.03,mm/s,2026-S1,EQ-PUMP-001|2026-05-31T02:00:00Z|vibration_mm_s
EQ-PUMP-001,2026-05-31 08:00:00+00:00,vibration_mm_s,2.96,mm/s,2026-S1,EQ-PUMP-001|2026-05-31T08:00:00Z|vibration_mm_s
EQ-PUMP-001,2026-05-31 14:00:00+00:00,vibration_mm_s,2.65,mm/s,2026-S1,EQ-PUMP-001|2026-05-31T14:00:00Z|vibration_mm_s
EQ-PUMP-001,2026-05-31 20:00:00+00:00,vibration_mm_s,2.64,mm/s,2026-S1,EQ-PUMP-001|2026-05-31T20:00:00Z|vibration_mm_s
EQ-PUMP-001,2026-06-01 02:00:00+00:00,vibration_mm_s,3.08,mm/s,2026-S1,EQ-PUMP-001|2026-06-01T02:00:00Z|vibration_mm_s
EQ-PUMP-001,2026-06-01 08:00:00+00:00,vibration_mm_s,3.06,mm/s,2026-S1,EQ-PUMP-001|2026-06-01T08:00:00Z|vibration_mm_s
EQ-PUMP-001,2026-06-01 14:00:00+00:00,vibration_mm_s,2.69,mm/s,2026-S1,EQ-PUMP-001|2026-06-01T14:00:00Z|vibration_mm_s
EQ-PUMP-001,2026-06-01 20:00:00+00:00,vibration_mm_s,2.35,mm/s,2026-S1,EQ-PUMP-001|2026-06-01T20:00:00Z|vibration_mm_s
EQ-PUMP-001,2026-06-02 02:00:00+00:00,vibration_mm_s,3.09,mm/s,2026-S1,EQ-PUMP-001|2026-06-02T02:00:00Z|vibration_mm_s
EQ-PUMP-001,2026-06-02 08:00:00+00:00,vibration_mm_s,3.33,mm/s,2026-S1,EQ-PUMP-001|2026-06-02T08:00:00Z|vibration_mm_s
EQ-PUMP-001,2026-06-02 14:00:00+00:00,vibration_mm_s,2.11,mm/s,2026-S1,EQ-PUMP-001|2026-06-02T14:00:00Z|vibration_mm_s
EQ-PUMP-001,2026-06-02 20:00:00+00:00,vibration_mm_s,2.78,mm/s,2026-S1,EQ-PUMP-001|2026-06-02T20:00:00Z|vibration_mm_s
EQ-PUMP-001,2026-06-03 02:00:00+00:00,vibration_mm_s,3.03,mm/s,2026-S1,EQ-PUMP-001|2026-06-03T02:00:00Z|vibration_mm_s
EQ-PUMP-001,2026-06-03 08:00:00+00:00,vibration_mm_s,3.52,mm/s,2026-S1,EQ-PUMP-001|2026-06-03T08:00:00Z|vibration_mm_s
EQ-PUMP-001,2026-06-03 14:00:00+00:00,vibration_mm_s,3.14,mm/s,2026-S1,EQ-PUMP-001|2026-06-03T14:00:00Z|vibration_mm_s
EQ-PUMP-001,2026-06-03 20:00:00+00:00,vibration_mm_s,2.83,mm/s,2026-S1,EQ-PUMP-001|2026-06-03T20:00:00Z|vibration_mm_s
EQ-PUMP-001,2026-06-04 02:00:00+00:00,vibration_mm_s,2.85,mm/s,2026-S1,EQ-PUMP-001|2026-06-04T02:00:00Z|vibration_mm_s
EQ-PUMP-001,2026-06-04 08:00:00+00:00,vibration_mm_s,3.19,mm/s,2026-S1,EQ-PUMP-001|2026-06-04T08:00:00Z|vibration_mm_s
EQ-PUMP-001,2026-06-04 14:00:00+00:00,vibration_mm_s,2.59,mm/s,2026-S1,EQ-PUMP-001|2026-06-04T14:00:00Z|vibration_mm_s
EQ-PUMP-001,2026-06-04 20:00:00+00:00,vibration_mm_s,2.37,mm/s,2026-S1,EQ-PUMP-001|2026-06-04T20:00:00Z|vibration_mm_s
EQ-PUMP-001,2026-06-05 02:00:00+00:00,vibration_mm_s,2.96,mm/s,2026-S1,EQ-PUMP-001|2026-06-05T02:00:00Z|vibration_mm_s
EQ-PUMP-001,2026-06-05 08:00:00+00:00,vibration_mm_s,3.45,mm/s,2026-S1,EQ-PUMP-001|2026-06-05T08:00:00Z|vibration_mm_s
EQ-PUMP-001,2026-06-05 14:00:00+00:00,vibration_mm_s,3.25,mm/s,2026-S1,EQ-PUMP-001|2026-06-05T14:00:00Z|vibration_mm_s
EQ-PUMP-001,2026-06-05 20:00:00+00:00,vibration_mm_s,2.58,mm/s,2026-S1,EQ-PUMP-001|2026-06-05T20:00:00Z|vibration_mm_s
EQ-PUMP-001,2026-06-06 02:00:00+00:00,vibration_mm_s,2.92,mm/s,2026-S1,EQ-PUMP-001|2026-06-06T02:00:00Z|vibration_mm_s
EQ-PUMP-001,2026-06-06 08:00:00+00:00,vibration_mm_s,3.25,mm/s,2026-S1,EQ-PUMP-001|2026-06-06T08:00:00Z|vibration_mm_s
EQ-PUMP-001,2026-06-06 14:00:00+00:00,vibration_mm_s,2.63,mm/s,2026-S1,EQ-PUMP-001|2026-06-06T14:00:00Z|vibration_mm_s
EQ-PUMP-001,2026-06-06 20:00:00+00:00,vibration_mm_s,2.64,mm/s,2026-S1,EQ-PUMP-001|2026-06-06T20:00:00Z|vibration_mm_s
EQ-PUMP-001,2026-06-07 02:00:00+00:00,vibration_mm_s,2.55,mm/s,2026-S1,EQ-PUMP-001|2026-06-07T02:00:00Z|vibration_mm_s
EQ-PUMP-001,2026-06-07 08:00:00+00:00,vibration_mm_s,2.91,mm/s,2026-S1,EQ-PUMP-001|2026-06-07T08:00:00Z|vibration_mm_s
EQ-PUMP-001,2026-06-07 14:00:00+00:00,vibration_mm_s,3.29,mm/s,2026-S1,EQ-PUMP-001|2026-06-07T14:00:00Z|vibration_mm_s
EQ-PUMP-001,2026-06-07 20:00:00+00:00,vibration_mm_s,2.37,mm/s,2026-S1,EQ-PUMP-001|2026-06-07T20:00:00Z|vibration_mm_s
EQ-PUMP-001,2026-06-08 02:00:00+00:00,vibration_mm_s,3.0,mm/s,2026-S1,EQ-PUMP-001|2026-06-08T02:00:00Z|vibration_mm_s
EQ-PUMP-001,2026-06-08 08:00:00+00:00,vibration_mm_s,3.15,mm/s,2026-S1,EQ-PUMP-001|2026-06-08T08:00:00Z|vibration_mm_s
EQ-PUMP-001,2026-06-08 14:00:00+00:00,vibration_mm_s,3.02,mm/s,2026-S1,EQ-PUMP-001|2026-06-08T14:00:00Z|vibration_mm_s
EQ-PUMP-001,2026-06-08 20:00:00+00:00,vibration_mm_s,2.53,mm/s,2026-S1,EQ-PUMP-001|2026-06-08T20:00:00Z|vibration_mm_s
EQ-PUMP-001,2026-06-09 02:00:00+00:00,vibration_mm_s,2.88,mm/s,2026-S1,EQ-PUMP-001|2026-06-09T02:00:00Z|vibration_mm_s
EQ-PUMP-001,2026-06-09 08:00:00+00:00,vibration_mm_s,3.17,mm/s,2026-S1,EQ-PUMP-001|2026-06-09T08:00:00Z|vibration_mm_s
EQ-PUMP-001,2026-06-09 14:00:00+00:00,vibration_mm_s,2.78,mm/s,2026-S1,EQ-PUMP-001|2026-06-09T14:00:00Z|vibration_mm_s
EQ-PUMP-001,2026-06-09 20:00:00+00:00,vibration_mm_s,2.61,mm/s,2026-S1,EQ-PUMP-001|2026-06-09T20:00:00Z|vibration_mm_s
EQ-PUMP-001,2026-06-10 02:00:00+00:00,vibration_mm_s,2.68,mm/s,2026-S1,EQ-PUMP-001|2026-06-10T02:00:00Z|vibration_mm_s
EQ-PUMP-001,2026-06-10 08:00:00+00:00,vibration_mm_s,2.96,mm/s,2026-S1,EQ-PUMP-001|2026-06-10T08:00:00Z|vibration_mm_s
EQ-PUMP-001,2026-06-10 14:00:00+00:00,vibration_mm_s,2.7,mm/s,2026-S1,EQ-PUMP-001|2026-06-10T14:00:00Z|vibration_mm_s
EQ-PUMP-001,2026-06-10 20:00:00+00:00,vibration_mm_s,2.26,mm/s,2026-S1,EQ-PUMP-001|2026-06-10T20:00:00Z|vibration_mm_s
EQ-PUMP-001,2026-06-11 02:00:00+00:00,vibration_mm_s,2.92,mm/s,2026-S1,EQ-PUMP-001|2026-06-11T02:00:00Z|vibration_mm_s
EQ-PUMP-001,2026-06-11 08:00:00+00:00,vibration_mm_s,3.04,mm/s,2026-S1,EQ-PUMP-001|2026-06-11T08:00:00Z|vibration_mm_s
EQ-PUMP-001,2026-06-11 14:00:00+00:00,vibration_mm_s,2.72,mm/s,2026-S1,EQ-PUMP-001|2026-06-11T14:00:00Z|vibration_mm_s
EQ-PUMP-001,2026-06-11 20:00:00+00:00,vibration_mm_s,2.53,mm/s,2026-S1,EQ-PUMP-001|2026-06-11T20:00:00Z|vibration_mm_s
EQ-PUMP-001,2026-06-12 02:00:00+00:00,vibration_mm_s,2.96,mm/s,2026-S1,EQ-PUMP-001|2026-06-12T02:00:00Z|vibration_mm_s
EQ-PUMP-001,2026-06-12 08:00:00+00:00,vibration_mm_s,3.16,mm/s,2026-S1,EQ-PUMP-001|2026-06-12T08:00:00Z|vibration_mm_s
EQ-PUMP-001,2026-06-12 14:00:00+00:00,vibration_mm_s,2.94,mm/s,2026-S1,EQ-PUMP-001|2026-06-12T14:00:00Z|vibration_mm_s
EQ-PUMP-001,2026-06-12 20:00:00+00:00,vibration_mm_s,2.49,mm/s,2026-S1,EQ-PUMP-001|2026-06-12T20:00:00Z|vibration_mm_s
EQ-PUMP-001,2026-06-13 02:00:00+00:00,vibration_mm_s,2.92,mm/s,2026-S1,EQ-PUMP-001|2026-06-13T02:00:00Z|vibration_mm_s
EQ-PUMP-001,2026-06-13 08:00:00+00:00,vibration_mm_s,3.41,mm/s,2026-S1,EQ-PUMP-001|2026-06-13T08:00:00Z|vibration_mm_s
EQ-PUMP-001,2026-06-13 14:00:00+00:00,vibration_mm_s,2.53,mm/s,2026-S1,EQ-PUMP-001|2026-06-13T14:00:00Z|vibration_mm_s
EQ-PUMP-001,2026-06-13 20:00:00+00:00,vibration_mm_s,2.49,mm/s,2026-S1,EQ-PUMP-001|2026-06-13T20:00:00Z|vibration_mm_s
EQ-PUMP-001,2026-06-14 02:00:00+00:00,vibration_mm_s,2.46,mm/s,2026-S1,EQ-PUMP-001|2026-06-14T02:00:00Z|vibration_mm_s
EQ-PUMP-001,2026-06-14 08:00:00+00:00,vibration_mm_s,3.0,mm/s,2026-S1,EQ-PUMP-001|2026-06-14T08:00:00Z|vibration_mm_s
EQ-PUMP-001,2026-06-14 14:00:00+00:00,vibration_mm_s,2.6,mm/s,2026-S1,EQ-PUMP-001|2026-06-14T14:00:00Z|vibration_mm_s
EQ-PUMP-001,2026-06-14 20:00:00+00:00,vibration_mm_s,2.69,mm/s,2026-S1,EQ-PUMP-001|2026-06-14T20:00:00Z|vibration_mm_s
EQ-PUMP-001,2026-06-15 02:00:00+00:00,vibration_mm_s,3.18,mm/s,2026-S1,EQ-PUMP-001|2026-06-15T02:00:00Z|vibration_mm_s
EQ-PUMP-001,2026-06-15 08:00:00+00:00,vibration_mm_s,3.08,mm/s,2026-S1,EQ-PUMP-001|2026-06-15T08:00:00Z|vibration_mm_s
EQ-PUMP-001,2026-06-15 14:00:00+00:00,vibration_mm_s,3.1,mm/s,2026-S1,EQ-PUMP-001|2026-06-15T14:00:00Z|vibration_mm_s
EQ-PUMP-001,2026-06-15 20:00:00+00:00,vibration_mm_s,2.44,mm/s,2026-S1,EQ-PUMP-001|2026-06-15T20:00:00Z|vibration_mm_s
EQ-PUMP-001,2026-06-16 02:00:00+00:00,vibration_mm_s,2.85,mm/s,2026-S1,EQ-PUMP-001|2026-06-16T02:00:00Z|vibration_mm_s
EQ-PUMP-001,2026-06-16 08:00:00+00:00,vibration_mm_s,3.24,mm/s,2026-S1,EQ-PUMP-001|2026-06-16T08:00:00Z|vibration_mm_s
EQ-PUMP-001,2026-06-16 14:00:00+00:00,vibration_mm_s,2.75,mm/s,2026-S1,EQ-PUMP-001|2026-06-16T14:00:00Z|vibration_mm_s
EQ-PUMP-001,2026-06-16 20:00:00+00:00,vibration_mm_s,2.54,mm/s,2026-S1,EQ-PUMP-001|2026-06-16T20:00:00Z|vibration_mm_s
EQ-PUMP-001,2026-06-17 02:00:00+00:00,vibration_mm_s,2.69,mm/s,2026-S1,EQ-PUMP-001|2026-06-17T02:00:00Z|vibration_mm_s
EQ-PUMP-001,2026-06-17 08:00:00+00:00,vibration_mm_s,3.27,mm/s,2026-S1,EQ-PUMP-001|2026-06-17T08:00:00Z|vibration_mm_s
EQ-PUMP-001,2026-06-17 14:00:00+00:00,vibration_mm_s,2.52,mm/s,2026-S1,EQ-PUMP-001|2026-06-17T14:00:00Z|vibration_mm_s
EQ-PUMP-001,2026-06-17 20:00:00+00:00,vibration_mm_s,2.49,mm/s,2026-S1,EQ-PUMP-001|2026-06-17T20:00:00Z|vibration_mm_s
EQ-PUMP-001,2026-06-18 02:00:00+00:00,vibration_mm_s,2.79,mm/s,2026-S1,EQ-PUMP-001|2026-06-18T02:00:00Z|vibration_mm_s
EQ-PUMP-001,2026-06-18 08:00:00+00:00,vibration_mm_s,3.29,mm/s,2026-S1,EQ-PUMP-001|2026-06-18T08:00:00Z|vibration_mm_s
EQ-PUMP-001,2026-06-18 14:00:00+00:00,vibration_mm_s,3.25,mm/s,2026-S1,EQ-PUMP-001|2026-06-18T14:00:00Z|vibration_mm_s
EQ-PUMP-001,2026-06-18 20:00:00+00:00,vibration_mm_s,2.53,mm/s,2026-S1,EQ-PUMP-001|2026-06-18T20:00:00Z|vibration_mm_s
EQ-PUMP-001,2026-06-19 02:00:00+00:00,vibration_mm_s,3.01,mm/s,2026-S1,EQ-PUMP-001|2026-06-19T02:00:00Z|vibration_mm_s
EQ-PUMP-001,2026-06-19 08:00:00+00:00,vibration_mm_s,2.86,mm/s,2026-S1,EQ-PUMP-001|2026-06-19T08:00:00Z|vibration_mm_s
EQ-PUMP-001,2026-06-19 14:00:00+00:00,vibration_mm_s,2.95,mm/s,2026-S1,EQ-PUMP-001|2026-06-19T14:00:00Z|vibration_mm_s
EQ-PUMP-001,2026-06-19 20:00:00+00:00,vibration_mm_s,2.64,mm/s,2026-S1,EQ-PUMP-001|2026-06-19T20:00:00Z|vibration_mm_s
EQ-PUMP-001,2026-06-20 02:00:00+00:00,vibration_mm_s,2.89,mm/s,2026-S1,EQ-PUMP-001|2026-06-20T02:00:00Z|vibration_mm_s
EQ-PUMP-001,2026-06-20 08:00:00+00:00,vibration_mm_s,2.98,mm/s,2026-S1,EQ-PUMP-001|2026-06-20T08:00:00Z|vibration_mm_s
EQ-PUMP-001,2026-06-20 14:00:00+00:00,vibration_mm_s,2.47,mm/s,2026-S1,EQ-PUMP-001|2026-06-20T14:00:00Z|vibration_mm_s
EQ-PUMP-001,2026-06-20 20:00:00+00:00,vibration_mm_s,2.29,mm/s,2026-S1,EQ-PUMP-001|2026-06-20T20:00:00Z|vibration_mm_s
EQ-PUMP-001,2026-06-21 02:00:00+00:00,vibration_mm_s,2.68,mm/s,2026-S1,EQ-PUMP-001|2026-06-21T02:00:00Z|vibration_mm_s
EQ-PUMP-001,2026-06-21 08:00:00+00:00,vibration_mm_s,2.85,mm/s,2026-S1,EQ-PUMP-001|2026-06-21T08:00:00Z|vibration_mm_s
EQ-PUMP-001,2026-06-21 14:00:00+00:00,vibration_mm_s,2.69,mm/s,2026-S1,EQ-PUMP-001|2026-06-21T14:00:00Z|vibration_mm_s
EQ-PUMP-001,2026-06-21 20:00:00+00:00,vibration_mm_s,2.32,mm/s,2026-S1,EQ-PUMP-001|2026-06-21T20:00:00Z|vibration_mm_s
EQ-PUMP-001,2026-06-22 02:00:00+00:00,vibration_mm_s,2.91,mm/s,2026-S1,EQ-PUMP-001|2026-06-22T02:00:00Z|vibration_mm_s
EQ-PUMP-001,2026-06-22 08:00:00+00:00,vibration_mm_s,2.99,mm/s,2026-S1,EQ-PUMP-001|2026-06-22T08:00:00Z|vibration_mm_s
EQ-PUMP-001,2026-06-22 14:00:00+00:00,vibration_mm_s,3.17,mm/s,2026-S1,EQ-PUMP-001|2026-06-22T14:00:00Z|vibration_mm_s
EQ-PUMP-001,2026-06-22 20:00:00+00:00,vibration_mm_s,2.58,mm/s,2026-S1,EQ-PUMP-001|2026-06-22T20:00:00Z|vibration_mm_s
EQ-PUMP-001,2026-06-23 02:00:00+00:00,vibration_mm_s,3.13,mm/s,2026-S1,EQ-PUMP-001|2026-06-23T02:00:00Z|vibration_mm_s
EQ-PUMP-001,2026-06-23 08:00:00+00:00,vibration_mm_s,3.0,mm/s,2026-S1,EQ-PUMP-001|2026-06-23T08:00:00Z|vibration_mm_s
EQ-PUMP-001,2026-06-23 14:00:00+00:00,vibration_mm_s,3.0,mm/s,2026-S1,EQ-PUMP-001|2026-06-23T14:00:00Z|vibration_mm_s
EQ-PUMP-001,2026-06-23 20:00:00+00:00,vibration_mm_s,2.75,mm/s,2026-S1,EQ-PUMP-001|2026-06-23T20:00:00Z|vibration_mm_s
EQ-PUMP-001,2026-06-24 02:00:00+00:00,vibration_mm_s,2.66,mm/s,2026-S1,EQ-PUMP-001|2026-06-24T02:00:00Z|vibration_mm_s
EQ-PUMP-001,2026-06-24 08:00:00+00:00,vibration_mm_s,3.67,mm/s,2026-S1,EQ-PUMP-001|2026-06-24T08:00:00Z|vibration_mm_s
EQ-PUMP-001,2026-06-24 14:00:00+00:00,vibration_mm_s,2.88,mm/s,2026-S1,EQ-PUMP-001|2026-06-24T14:00:00Z|vibration_mm_s
EQ-PUMP-001,2026-06-24 20:00:00+00:00,vibration_mm_s,2.64,mm/s,2026-S1,EQ-PUMP-001|2026-06-24T20:00:00Z|vibration_mm_s
EQ-PUMP-001,2026-06-25 02:00:00+00:00,vibration_mm_s,2.58,mm/s,2026-S1,EQ-PUMP-001|2026-06-25T02:00:00Z|vibration_mm_s
EQ-PUMP-001,2026-06-25 08:00:00+00:00,vibration_mm_s,3.47,mm/s,2026-S1,EQ-PUMP-001|2026-06-25T08:00:00Z|vibration_mm_s
EQ-PUMP-001,2026-06-25 14:00:00+00:00,vibration_mm_s,3.15,mm/s,2026-S1,EQ-PUMP-001|2026-06-25T14:00:00Z|vibration_mm_s
EQ-PUMP-001,2026-06-25 20:00:00+00:00,vibration_mm_s,2.71,mm/s,2026-S1,EQ-PUMP-001|2026-06-25T20:00:00Z|vibration_mm_s
EQ-PUMP-001,2026-06-26 02:00:00+00:00,vibration_mm_s,2.93,mm/s,2026-S1,EQ-PUMP-001|2026-06-26T02:00:00Z|vibration_mm_s
EQ-PUMP-001,2026-06-26 08:00:00+00:00,vibration_mm_s,3.5,mm/s,2026-S1,EQ-PUMP-001|2026-06-26T08:00:00Z|vibration_mm_s
EQ-PUMP-001,2026-06-26 14:00:00+00:00,vibration_mm_s,2.84,mm/s,2026-S1,EQ-PUMP-001|2026-06-26T14:00:00Z|vibration_mm_s
EQ-PUMP-001,2026-06-26 20:00:00+00:00,vibration_mm_s,2.46,mm/s,2026-S1,EQ-PUMP-001|2026-06-26T20:00:00Z|vibration_mm_s
EQ-PUMP-001,2026-06-27 02:00:00+00:00,vibration_mm_s,2.38,mm/s,2026-S1,EQ-PUMP-001|2026-06-27T02:00:00Z|vibration_mm_s
EQ-PUMP-001,2026-06-27 08:00:00+00:00,vibration_mm_s,3.41,mm/s,2026-S1,EQ-PUMP-001|2026-06-27T08:00:00Z|vibration_mm_s
EQ-PUMP-001,2026-06-27 14:00:00+00:00,vibration_mm_s,2.32,mm/s,2026-S1,EQ-PUMP-001|2026-06-27T14:00:00Z|vibration_mm_s
EQ-PUMP-001,2026-06-27 20:00:00+00:00,vibration_mm_s,2.31,mm/s,2026-S1,EQ-PUMP-001|2026-06-27T20:00:00Z|vibration_mm_s
EQ-PUMP-001,2026-06-28 02:00:00+00:00,vibration_mm_s,2.71,mm/s,2026-S1,EQ-PUMP-001|2026-06-28T02:00:00Z|vibration_mm_s
EQ-PUMP-001,2026-06-28 08:00:00+00:00,vibration_mm_s,3.03,mm/s,2026-S1,EQ-PUMP-001|2026-06-28T08:00:00Z|vibration_mm_s
EQ-PUMP-001,2026-06-28 14:00:00+00:00,vibration_mm_s,3.08,mm/s,2026-S1,EQ-PUMP-001|2026-06-28T14:00:00Z|vibration_mm_s
EQ-PUMP-001,2026-06-28 20:00:00+00:00,vibration_mm_s,2.27,mm/s,2026-S1,EQ-PUMP-001|2026-06-28T20:00:00Z|vibration_mm_s
EQ-PUMP-001,2026-06-29 02:00:00+00:00,vibration_mm_s,2.95,mm/s,2026-S1,EQ-PUMP-001|2026-06-29T02:00:00Z|vibration_mm_s
EQ-PUMP-001,2026-06-29 08:00:00+00:00,vibration_mm_s,3.37,mm/s,2026-S1,EQ-PUMP-001|2026-06-29T08:00:00Z|vibration_mm_s
EQ-PUMP-001,2026-06-29 14:00:00+00:00,vibration_mm_s,2.69,mm/s,2026-S1,EQ-PUMP-001|2026-06-29T14:00:00Z|vibration_mm_s
EQ-PUMP-001,2026-06-29 20:00:00+00:00,vibration_mm_s,2.98,mm/s,2026-S1,EQ-PUMP-001|2026-06-29T20:00:00Z|vibration_mm_s
EQ-PUMP-001,2026-06-30 02:00:00+00:00,vibration_mm_s,2.76,mm/s,2026-S1,EQ-PUMP-001|2026-06-30T02:00:00Z|vibration_mm_s
EQ-PUMP-001,2026-06-30 08:00:00+00:00,vibration_mm_s,3.14,mm/s,2026-S1,EQ-PUMP-001|2026-06-30T08:00:00Z|vibration_mm_s
EQ-PUMP-001,2026-06-30 14:00:00+00:00,vibration_mm_s,3.31,mm/s,2026-S1,EQ-PUMP-001|2026-06-30T14:00:00Z|vibration_mm_s
EQ-PUMP-001,2026-06-30 20:00:00+00:00,vibration_mm_s,2.8,mm/s,2026-S1,EQ-PUMP-001|2026-06-30T20:00:00Z|vibration_mm_s
