procedure_id,equipment_id,sensor_name,lignes,axe_temporel_identique,moyenne_avant,moyenne_apres,delta_moyenne_pct,ecart_type_avant,ecart_type_apres,delta_ecart_type_pct,correlation_point_a_point,autocorr_lag1_avant,autocorr_lag2_avant,autocorr_lag4_avant,autocorr_lag1_apres,autocorr_lag2_apres,autocorr_lag4_apres,part_pas_nominal_avant_pct,part_pas_nominal_apres_pct,hors_plage_robuste_avant,hors_plage_robuste_apres,en_fenetre_evenement_avant,en_fenetre_evenement_apres,signal_en_fenetre_avant,signal_en_fenetre_apres,collisions_cle_logique,ordre_de_grandeur,fidelite_point_a_point,structure_temporelle,regularite_du_pas,plausibilite_physique,lien_aux_evenements,signal_aux_evenements,cle_logique_libre
PROC-AUG-BRUIT,EQ-CAB-134,current_a,720,True,21.6383,21.6385,0.0008,1.8327,1.8328,0.0041,0.9998,0.0446,-0.6734,0.714,0.0454,-0.6726,0.7147,99.72,99.72,0,0,38,38,21.39,21.3921,720,True,True,True,True,True,True,True,False
PROC-AUG-BRUIT,EQ-CAB-134,temperature_c,720,True,55.2711,55.2696,-0.0027,3.5427,3.5472,0.1278,0.9998,0.0335,-0.7756,0.824,0.0331,-0.7754,0.8232,100.0,100.0,0,0,38,38,54.6203,54.6205,720,True,True,True,True,True,True,True,False
PROC-AUG-BRUIT,EQ-CHILL-001,pressure_bar,720,True,5.824,5.8237,-0.0064,0.2779,0.2776,-0.0833,0.9998,0.0513,-0.5822,0.6309,0.0501,-0.5835,0.6317,100.0,100.0,0,0,22,22,5.7664,5.7655,720,True,True,True,True,True,True,True,False
PROC-AUG-BRUIT,EQ-CHILL-001,temperature_c,719,True,55.6192,55.6192,-0.0,3.6092,3.6054,-0.1065,0.9998,0.0577,-0.7421,0.8101,0.057,-0.7417,0.8106,99.86,99.86,0,0,22,22,57.1059,57.1223,719,True,True,True,True,True,True,True,False
PROC-AUG-BRUIT,EQ-CHILL-115,pressure_bar,720,True,6.9929,6.993,0.0026,0.2795,0.28,0.1778,0.9997,0.0164,-0.6122,0.6043,0.016,-0.6115,0.6037,100.0,100.0,0,0,30,30,6.997,6.9953,720,True,True,True,True,True,True,True,False
PROC-AUG-BRUIT,EQ-CHILL-115,temperature_c,718,True,59.8194,59.8205,0.002,3.5648,3.5663,0.0431,0.9998,0.0449,-0.7375,0.7993,0.0449,-0.7375,0.7995,99.72,99.72,0,0,30,30,59.765,59.7633,718,True,True,True,True,True,True,True,False
PROC-AUG-BRUIT,EQ-CHILL-168,pressure_bar,720,True,7.2117,7.2118,0.0017,0.2657,0.2656,-0.0506,0.9997,0.0363,-0.4875,0.5894,0.0345,-0.4899,0.5898,100.0,100.0,0,0,44,44,7.0845,7.0859,720,True,True,True,True,True,True,True,False
PROC-AUG-BRUIT,EQ-CHILL-168,temperature_c,719,True,59.1001,59.1035,0.0059,3.628,3.6293,0.0369,0.9998,0.0559,-0.7217,0.8018,0.0551,-0.7209,0.8027,99.86,99.86,0,0,44,44,59.9339,59.9389,719,True,True,True,True,True,True,True,False
PROC-AUG-BRUIT,EQ-CHILL-188,pressure_bar,719,True,6.3518,6.3516,-0.0028,0.2791,0.2794,0.1166,0.9997,0.0911,-0.4756,0.6177,0.0913,-0.4747,0.6166,99.86,99.86,0,0,32,32,6.1088,6.1078,719,True,True,True,True,True,True,True,False
PROC-AUG-BRUIT,EQ-CHILL-188,temperature_c,719,True,58.3132,58.3115,-0.0029,3.6414,3.6443,0.0811,0.9998,0.0689,-0.7121,0.8141,0.0693,-0.7118,0.8127,99.86,99.86,0,0,32,32,60.9091,60.9113,719,True,True,True,True,True,True,True,False
PROC-AUG-BRUIT,EQ-CHILL-248,pressure_bar,719,True,6.8906,6.8905,-0.0014,0.2768,0.277,0.039,0.9997,0.0643,-0.5746,0.6209,0.0642,-0.5754,0.6211,99.86,99.86,0,0,28,28,6.8168,6.8157,719,True,True,True,True,True,True,True,False
PROC-AUG-BRUIT,EQ-CHILL-248,temperature_c,719,True,54.319,54.321,0.0037,4.7981,4.7971,-0.0218,0.9998,0.4547,-0.0078,0.8818,0.4552,-0.0073,0.8816,99.86,99.86,0,0,28,28,53.6846,53.6925,719,True,True,True,True,True,True,True,False
PROC-AUG-BRUIT,EQ-COMP-002,pressure_bar,719,True,6.5708,6.5707,-0.0017,0.2733,0.2735,0.0612,0.9998,0.1061,-0.4864,0.6142,0.1069,-0.4867,0.6128,99.86,99.86,0,0,61,61,6.5016,6.5021,719,True,True,True,True,True,True,True,False
PROC-AUG-BRUIT,EQ-COMP-002,temperature_c,719,True,59.2631,59.2614,-0.0029,3.6823,3.6833,0.0265,0.9998,0.0625,-0.729,0.7966,0.0618,-0.7288,0.7956,99.86,99.86,0,0,62,62,60.0395,60.0452,719,True,True,True,True,True,True,True,False
PROC-AUG-BRUIT,EQ-COMP-113,pressure_bar,720,True,5.9425,5.9428,0.0044,0.2691,0.2694,0.1063,0.9997,0.0334,-0.592,0.6336,0.033,-0.5923,0.6346,100.0,100.0,0,0,28,28,5.9157,5.9139,720,True,True,True,True,True,True,True,False
PROC-AUG-BRUIT,EQ-COMP-113,temperature_c,719,True,62.2271,62.2262,-0.0013,3.6847,3.6854,0.0197,0.9998,0.0566,-0.7276,0.7925,0.0566,-0.7282,0.7922,99.86,99.86,0,0,28,28,63.7543,63.7371,719,True,True,True,True,True,True,True,False
PROC-AUG-BRUIT,EQ-COMP-233,pressure_bar,720,True,6.6528,6.6533,0.0073,0.2738,0.2742,0.1399,0.9998,0.0921,-0.5308,0.6337,0.0934,-0.5301,0.6329,100.0,100.0,0,0,43,43,6.5,6.5,720,True,True,True,True,True,True,True,False
PROC-AUG-BRUIT,EQ-COMP-233,temperature_c,720,True,59.2177,59.2159,-0.0029,3.6388,3.6428,0.1113,0.9998,0.0654,-0.7107,0.8267,0.0661,-0.7091,0.8258,100.0,100.0,0,0,43,43,60.6051,60.613,720,True,True,True,True,True,True,True,False
PROC-AUG-BRUIT,EQ-COMP-249,pressure_bar,719,True,5.3635,5.3639,0.0067,0.2696,0.2693,-0.0951,0.9997,0.0227,-0.5993,0.6567,0.0225,-0.5987,0.6561,99.86,99.86,0,0,30,30,5.2413,5.2427,719,True,True,True,True,True,True,True,False
PROC-AUG-BRUIT,EQ-COMP-396,pressure_bar,717,True,6.0995,6.0995,-0.0005,0.2692,0.2694,0.0689,0.9998,0.0275,-0.6134,0.6378,0.0268,-0.6144,0.6388,99.58,99.58,0,0,32,32,6.0819,6.0819,717,True,True,True,True,True,True,True,False
PROC-AUG-BRUIT,EQ-CONV-003,current_a,718,True,21.2508,21.2485,-0.0106,1.8915,1.8915,-0.0018,0.9998,0.1199,-0.561,0.7188,0.1201,-0.5618,0.7187,99.72,99.72,0,0,35,35,22.3671,22.3729,718,True,True,True,True,True,True,True,False
PROC-AUG-BRUIT,EQ-CONV-003,rpm,720,True,1290.3872,1290.3602,-0.0021,39.1822,39.1932,0.0281,0.9998,0.1078,-0.5879,0.7468,0.1088,-0.5871,0.7458,100.0,100.0,0,0,35,35,1259.0323,1258.8649,720,True,True,True,True,True,True,True,False
PROC-AUG-BRUIT,EQ-CONV-262,current_a,719,True,28.7741,28.7721,-0.0071,1.864,1.8643,0.0175,0.9998,0.0402,-0.6738,0.7305,0.0404,-0.6751,0.7307,99.86,99.86,0,0,33,33,28.5779,28.5764,719,True,True,True,True,True,True,True,False
PROC-AUG-BRUIT,EQ-CONV-262,rpm,719,True,1463.041,1463.0618,0.0014,37.502,37.4819,-0.0535,0.9998,0.0319,-0.6766,0.734,0.0325,-0.6758,0.7324,99.86,99.86,0,0,33,33,1466.0142,1465.9603,719,True,True,True,True,True,True,True,False
PROC-AUG-BRUIT,EQ-CONV-336,current_a,720,True,22.584,22.5844,0.0017,1.8501,1.8521,0.1054,0.9998,0.0532,-0.6845,0.745,0.0537,-0.685,0.7447,100.0,100.0,0,0,33,33,23.2658,23.2582,720,True,True,True,True,True,True,True,False
PROC-AUG-BRUIT,EQ-CONV-336,rpm,719,True,1355.0136,1355.0301,0.0012,38.384,38.4023,0.0476,0.9998,0.0557,-0.665,0.7297,0.0554,-0.666,0.7293,99.86,99.86,0,0,33,33,1333.6406,1333.5833,719,True,True,True,True,True,True,True,False
PROC-AUG-BRUIT,EQ-CONV-376,current_a,720,True,21.9343,21.9333,-0.0042,1.8625,1.8613,-0.0638,0.9998,0.0466,-0.6747,0.7252,0.0471,-0.674,0.7239,100.0,100.0,0,0,33,33,21.5248,21.5267,720,True,True,True,True,True,True,True,False
PROC-AUG-BRUIT,EQ-CONV-376,rpm,719,True,1515.6595,1515.6349,-0.0016,37.0356,37.0183,-0.0467,0.9998,0.0385,-0.6437,0.7141,0.0382,-0.6422,0.7129,99.86,99.86,0,0,33,33,1512.3891,1512.5633,719,True,True,True,True,True,True,True,False
PROC-AUG-BRUIT,EQ-FAN-002,current_a,718,True,23.7636,23.7631,-0.0018,1.8195,1.8199,0.023,0.9998,0.0156,-0.7133,0.7023,0.0164,-0.7132,0.701,99.72,99.72,0,0,31,31,23.7665,23.7677,718,True,True,True,True,True,True,True,False
PROC-AUG-BRUIT,EQ-FAN-002,rpm,720,True,1239.879,1239.8563,-0.0018,37.3245,37.3608,0.0973,0.9998,0.0702,-0.6625,0.724,0.0692,-0.6629,0.7241,100.0,100.0,0,0,32,32,1244.3,1244.0788,720,True,True,True,True,True,True,True,False
PROC-AUG-BRUIT,EQ-FAN-002,vibration_mm_s,719,True,2.9331,2.9327,-0.0156,0.3294,0.3295,0.034,0.9998,0.0153,-0.5166,0.5591,0.0162,-0.5163,0.5587,99.86,99.86,0,0,32,32,2.9487,2.9494,719,True,True,True,True,True,True,True,False
PROC-AUG-BRUIT,EQ-FAN-003,rpm,720,True,1418.1174,1418.1224,0.0003,37.4458,37.4681,0.0596,0.9998,0.0404,-0.7044,0.7388,0.0407,-0.7045,0.7396,100.0,100.0,0,0,16,16,1423.8244,1423.7175,720,True,True,True,True,True,True,True,False
PROC-AUG-BRUIT,EQ-FAN-003,vibration_mm_s,719,True,2.8393,2.8397,0.0113,0.3398,0.3401,0.0777,0.9998,0.0342,-0.4943,0.5477,0.0344,-0.4934,0.5479,99.86,99.86,0,0,16,16,2.9006,2.8994,719,True,True,True,True,True,True,True,False
PROC-AUG-BRUIT,EQ-FAN-204,vibration_mm_s,719,True,2.9339,2.9348,0.0303,0.403,0.4031,0.0164,0.9998,0.3345,-0.0641,0.6168,0.3356,-0.0635,0.6175,99.86,99.86,2,2,32,32,3.8537,3.8556,719,True,True,True,True,True,True,True,False
PROC-AUG-BRUIT,EQ-FAN-284,rpm,719,True,1640.7086,1640.7086,0.0,40.3287,40.3874,0.1455,0.9998,0.1799,-0.4376,0.7071,0.1794,-0.4398,0.7078,99.86,99.86,0,0,48,48,1612.8765,1612.9321,719,True,True,True,True,True,True,True,False
PROC-AUG-BRUIT,EQ-FAN-284,vibration_mm_s,720,True,2.6737,2.6738,0.0057,0.362,0.3617,-0.0906,0.9998,0.1681,-0.2744,0.5587,0.1668,-0.2737,0.5579,100.0,100.0,0,0,48,48,2.971,2.9717,720,True,True,True,True,True,True,True,False
PROC-AUG-BRUIT,EQ-FAN-304,rpm,717,True,1526.6926,1526.6858,-0.0004,37.6809,37.6885,0.0201,0.9998,0.0505,-0.6451,0.7189,0.0493,-0.6451,0.7179,99.58,99.58,0,0,50,50,1522.1154,1522.1414,717,True,True,True,True,True,True,True,False
PROC-AUG-BRUIT,EQ-FAN-304,vibration_mm_s,720,True,2.6733,2.6738,0.0182,0.5968,0.5968,0.0077,0.9998,0.6231,0.3569,0.2824,0.6224,0.3565,0.2809,100.0,100.0,6,6,50,50,2.7822,2.7844,720,True,True,True,True,True,True,True,False
PROC-AUG-BRUIT,EQ-MIX-159,current_a,675,True,25.5073,25.5072,-0.0002,1.7901,1.7895,-0.0308,0.9998,0.0387,-0.6807,0.7441,0.0386,-0.6809,0.7449,99.7,99.7,0,0,31,31,25.3674,25.3639,675,True,True,True,True,True,True,True,False
PROC-AUG-BRUIT,EQ-MIX-159,vibration_mm_s,720,True,2.7359,2.7357,-0.0076,0.341,0.3411,0.0359,0.9998,0.0088,-0.5316,0.5492,0.0084,-0.5326,0.5488,100.0,100.0,0,0,31,31,2.7581,2.7581,720,True,True,True,True,True,True,True,False
PROC-AUG-BRUIT,EQ-MIX-259,current_a,720,True,22.1232,22.1226,-0.0027,1.8117,1.8114,-0.0155,0.9998,0.0317,-0.7005,0.733,0.0318,-0.7005,0.7329,100.0,100.0,0,0,58,58,22.0088,22.0038,720,True,True,True,True,True,True,True,False
PROC-AUG-BRUIT,EQ-MIX-259,vibration_mm_s,719,True,2.6266,2.6266,-0.0016,0.3426,0.3424,-0.0702,0.9998,0.0328,-0.4804,0.5049,0.0325,-0.4799,0.5039,99.86,99.86,0,0,58,58,2.6567,2.6572,719,True,True,True,True,True,True,True,False
PROC-AUG-BRUIT,EQ-MIX-379,current_a,719,True,21.7788,21.7802,0.0065,1.8558,1.8574,0.0861,0.9998,0.0446,-0.6496,0.7153,0.0449,-0.6476,0.7136,99.86,99.86,0,0,30,30,21.7,21.7093,719,True,True,True,True,True,True,True,False
PROC-AUG-BRUIT,EQ-MIX-379,vibration_mm_s,719,True,2.8529,2.853,0.0034,0.3365,0.3373,0.2329,0.9997,0.0094,-0.5232,0.5297,0.01,-0.5225,0.5296,99.86,99.86,0,0,30,30,2.8907,2.8903,719,True,True,True,True,True,True,True,False
PROC-AUG-BRUIT,EQ-OVEN-001,current_a,719,True,24.3124,24.3135,0.0044,1.8239,1.8223,-0.0909,0.9998,0.0163,-0.6862,0.7246,0.0157,-0.6866,0.7256,99.86,99.86,0,0,30,30,24.1353,24.142,719,True,True,True,True,True,True,True,False
PROC-AUG-BRUIT,EQ-OVEN-001,temperature_c,719,True,50.6028,50.6013,-0.003,3.5776,3.5766,-0.0278,0.9998,0.05,-0.7397,0.796,0.0505,-0.7401,0.7969,99.86,99.86,0,0,30,30,50.8983,50.8753,719,True,True,True,True,True,True,True,False
PROC-AUG-BRUIT,EQ-OVEN-123,current_a,719,True,24.2703,24.2702,-0.0006,1.8518,1.8542,0.1264,0.9998,0.0794,-0.6284,0.7408,0.079,-0.6296,0.7421,99.86,99.86,0,0,46,46,24.872,24.875,719,True,True,True,True,True,True,True,False
PROC-AUG-BRUIT,EQ-OVEN-123,temperature_c,720,True,57.7026,57.703,0.0007,3.6268,3.6312,0.1205,0.9998,0.0601,-0.713,0.8149,0.0598,-0.7131,0.8148,100.0,100.0,0,0,46,46,59.1915,59.19,720,True,True,True,True,True,True,True,False
PROC-AUG-BRUIT,EQ-OVEN-223,current_a,720,True,23.4213,23.4197,-0.0066,1.8451,1.848,0.1547,0.9998,0.0279,-0.6843,0.7202,0.0283,-0.6839,0.7201,100.0,100.0,0,0,46,46,23.5104,23.5093,720,True,True,True,True,True,True,True,False
PROC-AUG-BRUIT,EQ-OVEN-223,temperature_c,720,True,61.5173,61.5207,0.0055,3.5302,3.5337,0.0999,0.9998,0.0533,-0.7622,0.81,0.0519,-0.763,0.811,100.0,100.0,0,0,46,46,61.367,61.3743,720,True,True,True,True,True,True,True,False
PROC-AUG-BRUIT,EQ-OVEN-366,current_a,720,True,23.8479,23.8476,-0.0013,1.863,1.8619,-0.0589,0.9998,0.0598,-0.6114,0.7136,0.0605,-0.6091,0.7123,100.0,100.0,0,0,28,28,25.0189,25.0161,720,True,True,True,True,True,True,True,False
PROC-AUG-BRUIT,EQ-OVEN-366,temperature_c,718,True,51.0907,51.0939,0.0064,3.5996,3.603,0.0958,0.9998,0.0498,-0.7275,0.8052,0.0498,-0.7278,0.8053,99.72,99.72,0,0,28,28,52.7921,52.7879,718,True,True,True,True,True,True,True,False
PROC-AUG-BRUIT,EQ-OVEN-386,current_a,719,True,23.4141,23.4138,-0.0013,1.8944,1.894,-0.0208,0.9998,0.0591,-0.6246,0.7153,0.0591,-0.6233,0.7147,99.86,99.86,0,0,32,32,24.4106,24.4087,719,True,True,True,True,True,True,True,False
PROC-AUG-BRUIT,EQ-OVEN-386,temperature_c,718,True,62.4784,62.4761,-0.0037,3.752,3.752,0.0011,0.9998,0.0869,-0.6925,0.7933,0.0877,-0.6905,0.7915,99.72,99.72,0,0,32,32,64.9194,64.9244,718,True,True,True,True,True,True,True,False
PROC-AUG-BRUIT,EQ-PUMP-001,pressure_bar,720,True,6.0597,6.0594,-0.005,0.2747,0.2749,0.0789,0.9998,0.0278,-0.5755,0.5971,0.0271,-0.5752,0.5977,99.72,99.72,0,0,42,42,6.0721,6.0705,720,True,True,True,True,True,True,True,False
PROC-AUG-BRUIT,EQ-PUMP-001,temperature_c,718,True,58.3637,58.3636,-0.0002,3.535,3.534,-0.0304,0.9998,0.0371,-0.762,0.8033,0.0367,-0.7612,0.8024,99.72,99.72,0,0,42,42,59.0681,59.0848,718,True,True,True,True,True,True,True,False
PROC-AUG-BRUIT,EQ-PUMP-001,vibration_mm_s,721,True,2.8628,2.8626,-0.0053,0.3455,0.3455,-0.0068,0.9998,0.0764,-0.4399,0.5112,0.0769,-0.4387,0.5105,99.86,99.86,0,0,43,43,2.9847,2.9847,721,True,True,True,True,True,True,True,False
PROC-AUG-BRUIT,EQ-PUMP-006,temperature_c,719,True,55.1874,55.1867,-0.0013,3.7934,3.7953,0.0515,0.9998,0.1521,-0.5468,0.7837,0.1517,-0.5456,0.7828,99.86,99.86,0,0,32,32,60.0281,60.0472,719,True,True,True,True,True,True,True,False
PROC-AUG-BRUIT,EQ-PUMP-006,vibration_mm_s,720,True,3.1489,3.149,0.004,0.3942,0.3943,0.0301,0.9998,0.2467,-0.1382,0.5886,0.2468,-0.1368,0.5879,100.0,100.0,0,0,32,32,3.9737,3.9747,720,True,True,True,True,True,True,True,False
PROC-AUG-BRUIT,EQ-PUMP-171,temperature_c,720,True,60.8099,60.8107,0.0012,3.6597,3.6615,0.0504,0.9998,0.0815,-0.6748,0.7902,0.081,-0.6754,0.7897,99.72,99.72,0,0,48,48,62.5196,62.5119,720,True,True,True,True,True,True,True,False
PROC-AUG-BRUIT,EQ-PUMP-171,vibration_mm_s,640,True,2.9052,2.9048,-0.0124,0.3595,0.3599,0.1172,0.9998,0.1144,-0.4445,0.5157,0.1138,-0.4468,0.5175,99.53,99.53,0,0,48,48,3.0563,3.0548,640,True,True,True,True,True,True,True,False
PROC-AUG-BRUIT,EQ-PUMP-350,temperature_c,720,True,60.6106,60.6134,0.0047,3.6546,3.6586,0.1119,0.9998,0.0803,-0.6837,0.806,0.0799,-0.6836,0.805,100.0,100.0,0,0,47,47,61.8294,61.8353,720,True,True,True,True,True,True,True,False
PROC-AUG-BRUIT,EQ-PUMP-350,vibration_mm_s,719,True,3.0111,3.0108,-0.0088,0.3747,0.3751,0.0901,0.9998,0.1466,-0.344,0.5912,0.1472,-0.3423,0.5897,99.86,99.86,0,0,47,47,3.2564,3.2566,719,True,True,True,True,True,True,True,False
PROC-AUG-BRUIT,EQ-ROBOT-358,current_a,719,True,20.9608,20.9595,-0.0062,1.8149,1.8163,0.0773,0.9998,0.0435,-0.6485,0.7321,0.0436,-0.6485,0.7323,99.86,99.86,0,0,41,41,21.4705,21.4668,719,True,True,True,True,True,True,True,False
PROC-AUG-BRUIT,EQ-ROBOT-358,vibration_mm_s,718,True,2.8586,2.8586,-0.0019,0.3476,0.3474,-0.053,0.9998,0.0875,-0.4594,0.5259,0.0866,-0.4607,0.5257,99.72,99.72,0,0,41,41,2.9639,2.9651,718,True,True,True,True,True,True,True,False
PROC-AUG-BRUIT,EQ-SENSOR-305,temperature_c,719,True,56.1275,56.1229,-0.0083,3.6371,3.6383,0.0336,0.9998,0.0728,-0.7169,0.8071,0.0724,-0.717,0.8072,99.86,99.86,0,0,17,17,59.8512,59.8606,719,True,True,True,True,True,True,True,False
PROC-AUG-BRUIT,EQ-STEAM-341,pressure_bar,719,True,5.9729,5.9728,-0.0016,0.2731,0.2731,0.0191,0.9997,0.0301,-0.5981,0.6387,0.0301,-0.5973,0.6387,99.86,99.86,0,0,40,40,5.9575,5.959,719,True,True,True,True,True,True,True,False
PROC-AUG-BRUIT,EQ-STEAM-341,temperature_c,720,True,55.3074,55.3011,-0.0114,3.5462,3.5426,-0.1007,0.9998,0.0247,-0.7476,0.7807,0.0248,-0.7482,0.7814,100.0,100.0,0,0,40,40,55.3102,55.285,720,True,True,True,True,True,True,True,False
PROC-AUG-BRUIT,EQ-STEAM-352,pressure_bar,720,True,6.3648,6.3648,0.0004,0.2776,0.2777,0.0112,0.9997,0.0359,-0.5627,0.6221,0.0358,-0.5634,0.6208,100.0,100.0,0,0,30,30,6.2793,6.281,720,True,True,True,True,True,True,True,False
PROC-AUG-BRUIT,EQ-STEAM-352,temperature_c,719,True,59.3272,59.3281,0.0015,3.5328,3.5327,-0.0017,0.9998,0.0602,-0.7278,0.7931,0.0604,-0.7276,0.7929,99.86,99.86,0,0,30,30,60.914,60.8947,719,True,True,True,True,True,True,True,False
PROC-AUG-ECHELLE,EQ-CAB-134,current_a,720,True,21.6383,22.7202,5.0001,1.8327,1.9245,5.0074,1.0,0.0446,-0.6734,0.714,0.0447,-0.6734,0.714,99.72,99.72,0,0,38,38,21.39,22.46,720,False,True,True,True,True,True,False,False
PROC-AUG-ECHELLE,EQ-CAB-134,temperature_c,720,True,55.2711,58.0348,5.0002,3.5427,3.7199,5.0022,1.0,0.0335,-0.7756,0.824,0.0335,-0.7756,0.824,100.0,100.0,0,0,38,38,54.6203,57.3521,720,False,True,True,True,True,True,False,False
PROC-AUG-ECHELLE,EQ-CHILL-001,pressure_bar,720,True,5.824,6.1152,4.9987,0.2779,0.2917,4.9909,1.0,0.0513,-0.5822,0.6309,0.0515,-0.5827,0.6307,100.0,100.0,0,0,22,22,5.7664,6.0545,720,False,True,True,True,True,True,False,False
PROC-AUG-ECHELLE,EQ-CHILL-001,temperature_c,719,True,55.6192,58.4002,5.0,3.6092,3.7896,4.9979,1.0,0.0577,-0.7421,0.8101,0.0577,-0.7421,0.8101,99.86,99.86,0,0,22,22,57.1059,59.9614,719,False,True,True,True,True,True,False,False
PROC-AUG-ECHELLE,EQ-CHILL-115,pressure_bar,720,True,6.9929,7.3427,5.0025,0.2795,0.2934,4.9838,1.0,0.0164,-0.6122,0.6043,0.0159,-0.6113,0.6037,100.0,100.0,0,0,30,30,6.997,7.3467,720,False,True,True,True,True,True,False,False
PROC-AUG-ECHELLE,EQ-CHILL-115,temperature_c,718,True,59.8194,62.8106,5.0005,3.5648,3.743,4.9985,1.0,0.0449,-0.7375,0.7993,0.0449,-0.7375,0.7992,99.72,99.72,0,0,30,30,59.765,62.754,718,False,True,True,True,True,True,False,False
PROC-AUG-ECHELLE,EQ-CHILL-168,pressure_bar,720,True,7.2117,7.5724,5.0027,0.2657,0.279,4.9916,0.9999,0.0363,-0.4875,0.5894,0.037,-0.4871,0.5886,100.0,100.0,0,0,44,44,7.0845,7.4395,720,False,True,True,True,True,True,False,False
PROC-AUG-ECHELLE,EQ-CHILL-168,temperature_c,719,True,59.1001,62.0551,5.0001,3.628,3.8092,4.9943,1.0,0.0559,-0.7217,0.8018,0.0559,-0.7218,0.8018,99.86,99.86,0,0,44,44,59.9339,62.9298,719,False,True,True,True,True,True,False,False
PROC-AUG-ECHELLE,EQ-CHILL-188,pressure_bar,719,True,6.3518,6.6694,5.0003,0.2791,0.293,4.9562,1.0,0.0911,-0.4756,0.6177,0.0911,-0.4761,0.6173,99.86,99.86,0,0,32,32,6.1088,6.4156,719,False,True,True,True,True,True,False,False
PROC-AUG-ECHELLE,EQ-CHILL-188,temperature_c,719,True,58.3132,61.2291,5.0005,3.6414,3.8233,4.9957,1.0,0.0689,-0.7121,0.8141,0.0689,-0.7122,0.8141,99.86,99.86,0,0,32,32,60.9091,63.955,719,False,True,True,True,True,True,False,False
PROC-AUG-ECHELLE,EQ-CHILL-248,pressure_bar,719,True,6.8906,7.2352,5.0011,0.2768,0.2905,4.9338,1.0,0.0643,-0.5746,0.6209,0.0637,-0.5751,0.6207,99.86,99.86,0,0,28,28,6.8168,7.1579,719,False,True,True,True,True,True,False,False
PROC-AUG-ECHELLE,EQ-CHILL-248,temperature_c,719,True,54.319,57.0347,4.9996,4.7981,5.038,5.0005,1.0,0.4547,-0.0078,0.8818,0.4548,-0.0077,0.8818,99.86,99.86,0,0,28,28,53.6846,56.3686,719,False,True,True,True,True,True,False,False
PROC-AUG-ECHELLE,EQ-COMP-002,pressure_bar,719,True,6.5708,6.8993,4.9996,0.2733,0.2871,5.0555,1.0,0.1061,-0.4864,0.6142,0.1059,-0.4863,0.614,99.86,99.86,0,0,61,61,6.5016,6.8269,719,False,True,True,True,True,True,False,False
PROC-AUG-ECHELLE,EQ-COMP-002,temperature_c,719,True,59.2631,62.2265,5.0005,3.6823,3.8662,4.9952,1.0,0.0625,-0.729,0.7966,0.0625,-0.7291,0.7966,99.86,99.86,0,0,62,62,60.0395,63.0415,719,False,True,True,True,True,True,False,False
PROC-AUG-ECHELLE,EQ-COMP-113,pressure_bar,720,True,5.9425,6.2397,5.0014,0.2691,0.2829,5.1203,0.9999,0.0334,-0.592,0.6336,0.033,-0.5925,0.6341,100.0,100.0,0,0,28,28,5.9157,6.2118,720,False,True,True,True,True,True,False,False
PROC-AUG-ECHELLE,EQ-COMP-113,temperature_c,719,True,62.2271,65.3387,5.0004,3.6847,3.8689,4.9985,1.0,0.0566,-0.7276,0.7925,0.0566,-0.7276,0.7925,99.86,99.86,0,0,28,28,63.7543,66.9418,719,False,True,True,True,True,True,False,False
PROC-AUG-ECHELLE,EQ-COMP-233,pressure_bar,720,True,6.6528,6.9858,5.0048,0.2738,0.2874,4.9509,1.0,0.0921,-0.5308,0.6337,0.0917,-0.5304,0.6338,100.0,100.0,0,0,43,43,6.5,6.8251,720,False,True,True,True,True,True,False,False
PROC-AUG-ECHELLE,EQ-COMP-233,temperature_c,720,True,59.2177,62.1787,5.0002,3.6388,3.8205,4.9949,1.0,0.0654,-0.7107,0.8267,0.0654,-0.7106,0.8267,100.0,100.0,0,0,43,43,60.6051,63.6353,720,False,True,True,True,True,True,False,False
PROC-AUG-ECHELLE,EQ-COMP-249,pressure_bar,719,True,5.3635,5.6317,5.0008,0.2696,0.2831,5.0264,0.9999,0.0227,-0.5993,0.6567,0.0229,-0.5988,0.6564,99.86,99.86,0,0,30,30,5.2413,5.5037,719,False,True,True,True,True,True,False,False
PROC-AUG-ECHELLE,EQ-COMP-396,pressure_bar,717,True,6.0995,6.4046,5.0017,0.2692,0.2826,4.987,0.9999,0.0275,-0.6134,0.6378,0.0278,-0.6134,0.6373,99.58,99.58,0,0,32,32,6.0819,6.3862,717,False,True,True,True,True,True,False,False
PROC-AUG-ECHELLE,EQ-CONV-003,current_a,718,True,21.2508,22.3135,5.0008,1.8915,1.986,4.996,1.0,0.1199,-0.561,0.7188,0.12,-0.561,0.7188,99.72,99.72,0,0,35,35,22.3671,23.4863,718,False,True,True,True,True,True,False,False
PROC-AUG-ECHELLE,EQ-CONV-003,rpm,720,True,1290.3872,1354.9068,5.0,39.1822,41.1411,4.9996,1.0,0.1078,-0.5879,0.7468,0.1078,-0.5879,0.7468,100.0,100.0,0,0,35,35,1259.0323,1321.9851,720,False,True,True,True,True,True,False,False
PROC-AUG-ECHELLE,EQ-CONV-262,current_a,719,True,28.7741,30.2129,5.0005,1.864,1.9571,4.9979,1.0,0.0402,-0.6738,0.7305,0.0403,-0.6739,0.7305,99.86,99.86,0,0,33,33,28.5779,30.007,719,False,True,True,True,True,True,False,False
PROC-AUG-ECHELLE,EQ-CONV-262,rpm,719,True,1463.041,1536.1931,5.0,37.502,39.377,4.9999,1.0,0.0319,-0.6766,0.734,0.0319,-0.6766,0.734,99.86,99.86,0,0,33,33,1466.0142,1539.3148,719,False,True,True,True,True,True,False,False
PROC-AUG-ECHELLE,EQ-CONV-336,current_a,720,True,22.584,23.7133,5.0007,1.8501,1.9426,4.9985,1.0,0.0532,-0.6845,0.745,0.0533,-0.6846,0.745,100.0,100.0,0,0,33,33,23.2658,24.4288,720,False,True,True,True,True,True,False,False
PROC-AUG-ECHELLE,EQ-CONV-336,rpm,719,True,1355.0136,1422.7644,5.0,38.384,40.3032,4.9999,1.0,0.0557,-0.665,0.7297,0.0557,-0.665,0.7297,99.86,99.86,0,0,33,33,1333.6406,1400.323,719,False,True,True,True,True,True,False,False
PROC-AUG-ECHELLE,EQ-CONV-376,current_a,720,True,21.9343,23.0309,4.9999,1.8625,1.9556,4.9979,1.0,0.0466,-0.6747,0.7252,0.0467,-0.6747,0.7252,100.0,100.0,0,0,33,33,21.5248,22.5997,720,False,True,True,True,True,True,False,False
PROC-AUG-ECHELLE,EQ-CONV-376,rpm,719,True,1515.6595,1591.4424,5.0,37.0356,38.8875,5.0002,1.0,0.0385,-0.6437,0.7141,0.0385,-0.6437,0.714,99.86,99.86,0,0,33,33,1512.3891,1588.0088,719,False,True,True,True,True,True,False,False
PROC-AUG-ECHELLE,EQ-FAN-002,current_a,718,True,23.7636,24.9518,5.0004,1.8195,1.9106,5.006,1.0,0.0156,-0.7133,0.7023,0.0156,-0.7132,0.7022,99.72,99.72,0,0,31,31,23.7665,24.9548,718,False,True,True,True,True,True,False,False
PROC-AUG-ECHELLE,EQ-FAN-002,rpm,720,True,1239.879,1301.8731,5.0,37.3245,39.1909,5.0007,1.0,0.0702,-0.6625,0.724,0.0702,-0.6625,0.724,100.0,100.0,0,0,32,32,1244.3,1306.5147,720,False,True,True,True,True,True,False,False
PROC-AUG-ECHELLE,EQ-FAN-002,vibration_mm_s,719,True,2.9331,3.0797,4.9993,0.3294,0.3458,4.9949,1.0,0.0153,-0.5166,0.5591,0.0151,-0.5167,0.5588,99.86,99.86,0,0,32,32,2.9487,3.0966,719,False,True,True,True,True,True,False,False
PROC-AUG-ECHELLE,EQ-FAN-003,rpm,720,True,1418.1174,1489.0234,5.0,37.4458,39.3182,5.0003,1.0,0.0404,-0.7044,0.7388,0.0404,-0.7044,0.7388,100.0,100.0,0,0,16,16,1423.8244,1495.0156,720,False,True,True,True,True,True,False,False
PROC-AUG-ECHELLE,EQ-FAN-003,vibration_mm_s,719,True,2.8393,2.9813,4.9988,0.3398,0.3568,4.9959,1.0,0.0342,-0.4943,0.5477,0.0345,-0.4941,0.5478,99.86,99.86,0,0,16,16,2.9006,3.0456,719,False,True,True,True,True,True,False,False
PROC-AUG-ECHELLE,EQ-FAN-204,vibration_mm_s,719,True,2.9339,3.0806,5.0013,0.403,0.4232,4.9993,1.0,0.3345,-0.0641,0.6168,0.3341,-0.0654,0.6174,99.86,99.86,2,4,32,32,3.8537,4.0466,719,False,True,True,True,False,True,False,False
PROC-AUG-ECHELLE,EQ-FAN-284,rpm,719,True,1640.7086,1722.7441,5.0,40.3287,42.3451,4.9999,1.0,0.1799,-0.4376,0.7071,0.18,-0.4376,0.7071,99.86,99.86,0,0,48,48,1612.8765,1693.5202,719,False,True,True,True,True,True,False,False
PROC-AUG-ECHELLE,EQ-FAN-284,vibration_mm_s,720,True,2.6737,2.8073,4.9973,0.362,0.38,4.9649,1.0,0.1681,-0.2744,0.5587,0.1682,-0.274,0.5579,100.0,100.0,0,1,48,48,2.971,3.1194,720,False,True,True,True,False,True,False,False
PROC-AUG-ECHELLE,EQ-FAN-304,rpm,717,True,1526.6926,1603.0275,5.0,37.6809,39.5649,4.9999,1.0,0.0505,-0.6451,0.7189,0.0505,-0.6451,0.7189,99.58,99.58,0,0,50,50,1522.1154,1598.2214,717,False,True,True,True,True,True,False,False
PROC-AUG-ECHELLE,EQ-FAN-304,vibration_mm_s,720,True,2.6733,2.8068,4.9922,0.5968,0.6265,4.9882,1.0,0.6231,0.3569,0.2824,0.6232,0.3572,0.2822,100.0,100.0,6,7,50,50,2.7822,2.9208,720,False,True,True,True,False,True,False,False
PROC-AUG-ECHELLE,EQ-MIX-159,current_a,675,True,25.5073,26.7826,5.0,1.7901,1.8797,5.0055,1.0,0.0387,-0.6807,0.7441,0.0386,-0.6806,0.744,99.7,99.7,0,0,31,31,25.3674,26.6352,675,False,True,True,True,True,True,False,False
PROC-AUG-ECHELLE,EQ-MIX-159,vibration_mm_s,720,True,2.7359,2.8728,5.0039,0.341,0.3579,4.9619,1.0,0.0088,-0.5316,0.5492,0.0089,-0.5313,0.5496,100.0,100.0,0,0,31,31,2.7581,2.8968,720,False,True,True,True,True,True,False,False
PROC-AUG-ECHELLE,EQ-MIX-259,current_a,720,True,22.1232,23.2295,5.001,1.8117,1.9024,5.0034,1.0,0.0317,-0.7005,0.733,0.0317,-0.7005,0.733,100.0,100.0,0,0,58,58,22.0088,23.1088,720,False,True,True,True,True,True,False,False
PROC-AUG-ECHELLE,EQ-MIX-259,vibration_mm_s,719,True,2.6266,2.758,5.0012,0.3426,0.3596,4.9724,1.0,0.0328,-0.4804,0.5049,0.0322,-0.4802,0.5046,99.86,99.86,0,0,58,58,2.6567,2.7902,719,False,True,True,True,True,True,False,False
PROC-AUG-ECHELLE,EQ-MIX-379,current_a,719,True,21.7788,22.8676,4.9996,1.8558,1.9486,5.0021,1.0,0.0446,-0.6496,0.7153,0.0446,-0.6496,0.7153,99.86,99.86,0,0,30,30,21.7,22.7847,719,False,True,True,True,True,True,False,False
PROC-AUG-ECHELLE,EQ-MIX-379,vibration_mm_s,719,True,2.8529,2.9955,4.9964,0.3365,0.3531,4.9416,1.0,0.0094,-0.5232,0.5297,0.0096,-0.5238,0.5299,99.86,99.86,0,0,30,30,2.8907,3.036,719,False,True,True,True,True,True,False,False
PROC-AUG-ECHELLE,EQ-OVEN-001,current_a,719,True,24.3124,25.5282,5.0007,1.8239,1.915,4.9912,1.0,0.0163,-0.6862,0.7246,0.0162,-0.6862,0.7246,99.86,99.86,0,0,30,30,24.1353,25.342,719,False,True,True,True,True,True,False,False
PROC-AUG-ECHELLE,EQ-OVEN-001,temperature_c,719,True,50.6028,53.1328,4.9997,3.5776,3.7565,5.0025,1.0,0.05,-0.7397,0.796,0.05,-0.7398,0.796,99.86,99.86,0,0,30,30,50.8983,53.443,719,False,True,True,True,True,True,False,False
PROC-AUG-ECHELLE,EQ-OVEN-123,current_a,719,True,24.2703,25.4838,4.9999,1.8518,1.9444,4.9983,1.0,0.0794,-0.6284,0.7408,0.0794,-0.6283,0.7409,99.86,99.86,0,0,46,46,24.872,26.1154,719,False,True,True,True,True,True,False,False
PROC-AUG-ECHELLE,EQ-OVEN-123,temperature_c,720,True,57.7026,60.5878,5.0001,3.6268,3.8083,5.0038,1.0,0.0601,-0.713,0.8149,0.0601,-0.713,0.8149,100.0,100.0,0,0,46,46,59.1915,62.1513,720,False,True,True,True,True,True,False,False
PROC-AUG-ECHELLE,EQ-OVEN-223,current_a,720,True,23.4213,24.5924,5.0004,1.8451,1.9373,4.9952,1.0,0.0279,-0.6843,0.7202,0.0279,-0.6844,0.7202,100.0,100.0,0,0,46,46,23.5104,24.6857,720,False,True,True,True,True,True,False,False
PROC-AUG-ECHELLE,EQ-OVEN-223,temperature_c,720,True,61.5173,64.5932,5.0001,3.5302,3.7066,4.9974,1.0,0.0533,-0.7622,0.81,0.0533,-0.7622,0.81,100.0,100.0,0,0,46,46,61.367,64.4359,720,False,True,True,True,True,True,False,False
PROC-AUG-ECHELLE,EQ-OVEN-366,current_a,720,True,23.8479,25.0403,4.9999,1.863,1.956,4.9884,1.0,0.0598,-0.6114,0.7136,0.0598,-0.6115,0.7136,100.0,100.0,0,0,28,28,25.0189,26.2693,720,False,True,True,True,True,True,False,False
PROC-AUG-ECHELLE,EQ-OVEN-366,temperature_c,718,True,51.0907,53.6453,5.0001,3.5996,3.7795,4.9982,1.0,0.0498,-0.7275,0.8052,0.0498,-0.7274,0.8052,99.72,99.72,0,0,28,28,52.7921,55.4329,718,False,True,True,True,True,True,False,False
PROC-AUG-ECHELLE,EQ-OVEN-386,current_a,719,True,23.4141,24.585,5.001,1.8944,1.9893,5.0073,1.0,0.0591,-0.6246,0.7153,0.0592,-0.6245,0.7153,99.86,99.86,0,0,32,32,24.4106,25.6319,719,False,True,True,True,True,True,False,False
PROC-AUG-ECHELLE,EQ-OVEN-386,temperature_c,718,True,62.4784,65.6024,5.0001,3.752,3.9397,5.0019,1.0,0.0869,-0.6925,0.7933,0.0869,-0.6925,0.7933,99.72,99.72,0,0,32,32,64.9194,68.1656,718,False,True,True,True,True,True,False,False
PROC-AUG-ECHELLE,EQ-PUMP-001,pressure_bar,720,True,6.0597,6.3626,4.9989,0.2747,0.2884,4.9958,1.0,0.0278,-0.5755,0.5971,0.0276,-0.5758,0.5975,99.72,99.72,0,0,42,42,6.0721,6.3757,720,False,True,True,True,True,True,False,False
PROC-AUG-ECHELLE,EQ-PUMP-001,temperature_c,718,True,58.3637,61.2821,5.0002,3.535,3.7117,4.998,1.0,0.0371,-0.762,0.8033,0.0372,-0.762,0.8033,99.72,99.72,0,0,42,42,59.0681,62.0207,718,False,True,True,True,True,True,False,False
PROC-AUG-ECHELLE,EQ-PUMP-001,vibration_mm_s,721,True,2.8628,3.006,5.0042,0.3455,0.3626,4.9438,1.0,0.0764,-0.4399,0.5112,0.0768,-0.4396,0.5115,99.86,99.86,0,0,43,43,2.9847,3.134,721,False,True,True,True,True,True,False,False
PROC-AUG-ECHELLE,EQ-PUMP-006,temperature_c,719,True,55.1874,57.9469,5.0002,3.7934,3.983,4.9982,1.0,0.1521,-0.5468,0.7837,0.1521,-0.5468,0.7837,99.86,99.86,0,0,32,32,60.0281,63.03,719,False,True,True,True,True,True,False,False
PROC-AUG-ECHELLE,EQ-PUMP-006,vibration_mm_s,720,True,3.1489,3.3063,4.9987,0.3942,0.4139,5.0166,1.0,0.2467,-0.1382,0.5886,0.2473,-0.1371,0.5883,100.0,100.0,0,1,32,32,3.9737,4.1731,720,False,True,True,True,False,True,False,False
PROC-AUG-ECHELLE,EQ-PUMP-171,temperature_c,720,True,60.8099,63.8503,4.9998,3.6597,3.8426,4.9988,1.0,0.0815,-0.6748,0.7902,0.0815,-0.6748,0.7902,99.72,99.72,0,0,48,48,62.5196,65.6452,720,False,True,True,True,True,True,False,False
PROC-AUG-ECHELLE,EQ-PUMP-171,vibration_mm_s,640,True,2.9052,3.0505,5.0019,0.3595,0.3775,5.0141,1.0,0.1144,-0.4445,0.5157,0.1143,-0.4452,0.5161,99.53,99.53,0,0,48,48,3.0563,3.2087,640,False,True,True,True,True,True,False,False
PROC-AUG-ECHELLE,EQ-PUMP-350,temperature_c,720,True,60.6106,63.6412,5.0002,3.6546,3.8373,5.0005,1.0,0.0803,-0.6837,0.806,0.0802,-0.6838,0.806,100.0,100.0,0,0,47,47,61.8294,64.9206,720,False,True,True,True,True,True,False,False
PROC-AUG-ECHELLE,EQ-PUMP-350,vibration_mm_s,719,True,3.0111,3.1616,4.9991,0.3747,0.3935,5.0146,1.0,0.1466,-0.344,0.5912,0.1471,-0.3435,0.5906,99.86,99.86,0,0,47,47,3.2564,3.4196,719,False,True,True,True,True,True,False,False
PROC-AUG-ECHELLE,EQ-ROBOT-358,current_a,719,True,20.9608,22.0088,4.9999,1.8149,1.9056,4.9979,1.0,0.0435,-0.6485,0.7321,0.0436,-0.6486,0.7322,99.86,99.86,0,0,41,41,21.4705,22.5439,719,False,True,True,True,True,True,False,False
PROC-AUG-ECHELLE,EQ-ROBOT-358,vibration_mm_s,718,True,2.8586,3.0015,4.9983,0.3476,0.3649,4.958,1.0,0.0875,-0.4594,0.5259,0.0871,-0.4607,0.5259,99.72,99.72,0,0,41,41,2.9639,3.1122,718,False,True,True,True,True,True,False,False
PROC-AUG-ECHELLE,EQ-SENSOR-305,temperature_c,719,True,56.1275,58.9342,5.0005,3.6371,3.8189,4.9982,1.0,0.0728,-0.7169,0.8071,0.0728,-0.717,0.8071,99.86,99.86,0,0,17,17,59.8512,62.8441,719,False,True,True,True,True,True,False,False
PROC-AUG-ECHELLE,EQ-STEAM-341,pressure_bar,719,True,5.9729,6.2716,5.0003,0.2731,0.2866,4.9583,0.9999,0.0301,-0.5981,0.6387,0.0304,-0.5981,0.6388,99.86,99.86,0,0,40,40,5.9575,6.2552,719,False,True,True,True,True,True,False,False
PROC-AUG-ECHELLE,EQ-STEAM-341,temperature_c,720,True,55.3074,58.073,5.0004,3.5462,3.7236,5.0026,1.0,0.0247,-0.7476,0.7807,0.0247,-0.7476,0.7807,100.0,100.0,0,0,40,40,55.3102,58.0755,720,False,True,True,True,True,True,False,False
PROC-AUG-ECHELLE,EQ-STEAM-352,pressure_bar,720,True,6.3648,6.6829,4.9989,0.2776,0.2916,5.0427,1.0,0.0359,-0.5627,0.6221,0.0357,-0.5631,0.6227,100.0,100.0,0,0,30,30,6.2793,6.5933,720,False,True,True,True,True,True,False,False
PROC-AUG-ECHELLE,EQ-STEAM-352,temperature_c,719,True,59.3272,62.2938,5.0003,3.5328,3.7095,5.0008,1.0,0.0602,-0.7278,0.7931,0.0602,-0.7279,0.7931,99.86,99.86,0,0,30,30,60.914,63.96,719,False,True,True,True,True,True,False,False
PROC-AUG-DECALAGE,EQ-CAB-134,current_a,720,False,21.6383,21.6383,0.0,1.8327,1.8327,0.0,,0.0446,-0.6734,0.714,0.0446,-0.6734,0.714,99.72,99.72,0,0,38,38,21.39,21.4237,715,True,,True,True,True,True,True,False
PROC-AUG-DECALAGE,EQ-CAB-134,temperature_c,720,False,55.2711,55.2711,0.0,3.5427,3.5427,0.0,,0.0335,-0.7756,0.824,0.0335,-0.7756,0.824,100.0,100.0,0,0,38,38,54.6203,54.6953,717,True,,True,True,True,True,True,False
PROC-AUG-DECALAGE,EQ-CHILL-001,pressure_bar,720,False,5.824,5.824,0.0,0.2779,0.2779,0.0,,0.0513,-0.5822,0.6309,0.0513,-0.5822,0.6309,100.0,100.0,0,0,22,19,5.7664,5.7811,717,True,,True,True,True,False,True,False
PROC-AUG-DECALAGE,EQ-CHILL-001,temperature_c,719,False,55.6192,55.6192,0.0,3.6092,3.6092,0.0,,0.0577,-0.7421,0.8101,0.0577,-0.7421,0.8101,99.86,99.86,0,0,22,19,57.1059,57.6768,715,True,,True,True,True,False,True,False
PROC-AUG-DECALAGE,EQ-CHILL-115,pressure_bar,720,False,6.9929,6.9929,0.0,0.2795,0.2795,0.0,,0.0164,-0.6122,0.6043,0.0164,-0.6122,0.6043,100.0,100.0,0,0,30,30,6.997,6.996,717,True,,True,True,True,True,True,False
PROC-AUG-DECALAGE,EQ-CHILL-115,temperature_c,718,False,59.8194,59.8194,0.0,3.5648,3.5648,0.0,,0.0449,-0.7375,0.7993,0.0449,-0.7375,0.7993,99.72,99.72,0,0,30,30,59.765,60.2533,713,True,,True,True,True,True,True,False
PROC-AUG-DECALAGE,EQ-CHILL-168,pressure_bar,720,False,7.2117,7.2117,0.0,0.2657,0.2657,0.0,,0.0363,-0.4875,0.5894,0.0363,-0.4875,0.5894,100.0,100.0,0,0,44,44,7.0845,7.1293,717,True,,True,True,True,True,True,False
PROC-AUG-DECALAGE,EQ-CHILL-168,temperature_c,719,False,59.1001,59.1001,0.0,3.628,3.628,0.0,,0.0559,-0.7217,0.8018,0.0559,-0.7217,0.8018,99.86,99.86,0,0,44,44,59.9339,59.9175,715,True,,True,True,True,True,True,False
PROC-AUG-DECALAGE,EQ-CHILL-188,pressure_bar,719,False,6.3518,6.3518,0.0,0.2791,0.2791,0.0,,0.0911,-0.4756,0.6177,0.0911,-0.4756,0.6177,99.86,99.86,0,0,32,32,6.1088,6.0875,715,True,,True,True,True,True,True,False
PROC-AUG-DECALAGE,EQ-CHILL-188,temperature_c,719,False,58.3132,58.3132,0.0,3.6414,3.6414,0.0,,0.0689,-0.7121,0.8141,0.0689,-0.7121,0.8141,99.86,99.86,0,0,32,32,60.9091,60.8331,715,True,,True,True,True,True,True,False
PROC-AUG-DECALAGE,EQ-CHILL-248,pressure_bar,719,False,6.8906,6.8906,0.0,0.2768,0.2768,0.0,,0.0643,-0.5746,0.6209,0.0643,-0.5746,0.6209,99.86,99.86,0,0,28,28,6.8168,6.7996,715,True,,True,True,True,True,True,False
PROC-AUG-DECALAGE,EQ-CHILL-248,temperature_c,719,False,54.319,54.319,0.0,4.7981,4.7981,0.0,,0.4547,-0.0078,0.8818,0.4547,-0.0078,0.8818,99.86,99.86,0,0,28,28,53.6846,53.72,715,True,,True,True,True,True,True,False
PROC-AUG-DECALAGE,EQ-COMP-002,pressure_bar,719,False,6.5708,6.5708,0.0,0.2733,0.2733,0.0,,0.1061,-0.4864,0.6142,0.1061,-0.4864,0.6142,99.86,99.86,0,0,61,61,6.5016,6.5098,715,True,,True,True,True,True,True,False
PROC-AUG-DECALAGE,EQ-COMP-002,temperature_c,719,False,59.2631,59.2631,0.0,3.6823,3.6823,0.0,,0.0625,-0.729,0.7966,0.0625,-0.729,0.7966,99.86,99.86,0,0,62,62,60.0395,59.9608,715,True,,True,True,True,True,True,False
PROC-AUG-DECALAGE,EQ-COMP-113,pressure_bar,720,False,5.9425,5.9425,0.0,0.2691,0.2691,0.0,,0.0334,-0.592,0.6336,0.0334,-0.592,0.6336,100.0,100.0,0,0,28,28,5.9157,5.9093,717,True,,True,True,True,True,True,False
PROC-AUG-DECALAGE,EQ-COMP-113,temperature_c,719,False,62.2271,62.2271,0.0,3.6847,3.6847,0.0,,0.0566,-0.7276,0.7925,0.0566,-0.7276,0.7925,99.86,99.86,0,0,28,28,63.7543,64.4496,715,True,,True,True,True,True,False,False
PROC-AUG-DECALAGE,EQ-COMP-233,pressure_bar,720,False,6.6528,6.6528,0.0,0.2738,0.2738,0.0,,0.0921,-0.5308,0.6337,0.0921,-0.5308,0.6337,100.0,100.0,0,0,43,43,6.5,6.5453,717,True,,True,True,True,True,True,False
PROC-AUG-DECALAGE,EQ-COMP-233,temperature_c,720,False,59.2177,59.2177,0.0,3.6388,3.6388,0.0,,0.0654,-0.7107,0.8267,0.0654,-0.7107,0.8267,100.0,100.0,0,0,43,43,60.6051,60.6544,717,True,,True,True,True,True,True,False
PROC-AUG-DECALAGE,EQ-COMP-249,pressure_bar,719,False,5.3635,5.3635,0.0,0.2696,0.2696,0.0,,0.0227,-0.5993,0.6567,0.0227,-0.5993,0.6567,99.86,99.86,0,0,30,30,5.2413,5.2647,715,True,,True,True,True,True,True,False
PROC-AUG-DECALAGE,EQ-COMP-396,pressure_bar,717,False,6.0995,6.0995,0.0,0.2692,0.2692,0.0,,0.0275,-0.6134,0.6378,0.0275,-0.6134,0.6378,99.58,99.58,0,0,32,32,6.0819,6.0503,711,True,,True,True,True,True,True,False
PROC-AUG-DECALAGE,EQ-CONV-003,current_a,718,False,21.2508,21.2508,0.0,1.8915,1.8915,0.0,,0.1199,-0.561,0.7188,0.1199,-0.561,0.7188,99.72,99.72,0,0,35,35,22.3671,22.7311,713,True,,True,True,True,True,False,False
PROC-AUG-DECALAGE,EQ-CONV-003,rpm,720,False,1290.3872,1290.3872,0.0,39.1822,39.1822,0.0,,0.1078,-0.5879,0.7468,0.1078,-0.5879,0.7468,100.0,100.0,0,0,35,35,1259.0323,1262.7846,717,True,,True,True,True,True,True,False
PROC-AUG-DECALAGE,EQ-CONV-262,current_a,719,False,28.7741,28.7741,0.0,1.864,1.864,0.0,,0.0402,-0.6738,0.7305,0.0402,-0.6738,0.7305,99.86,99.86,0,0,33,33,28.5779,29.0333,715,True,,True,True,True,True,False,False
PROC-AUG-DECALAGE,EQ-CONV-262,rpm,719,False,1463.041,1463.041,0.0,37.502,37.502,0.0,,0.0319,-0.6766,0.734,0.0319,-0.6766,0.734,99.86,99.86,0,0,33,33,1466.0142,1471.7021,715,True,,True,True,True,True,True,False
PROC-AUG-DECALAGE,EQ-CONV-336,current_a,720,False,22.584,22.584,0.0,1.8501,1.8501,0.0,,0.0532,-0.6845,0.745,0.0532,-0.6845,0.745,100.0,100.0,0,0,33,33,23.2658,23.1033,717,True,,True,True,True,True,True,False
PROC-AUG-DECALAGE,EQ-CONV-336,rpm,719,False,1355.0136,1355.0136,0.0,38.384,38.384,0.0,,0.0557,-0.665,0.7297,0.0557,-0.665,0.7297,99.86,99.86,0,0,33,33,1333.6406,1336.8939,715,True,,True,True,True,True,True,False
PROC-AUG-DECALAGE,EQ-CONV-376,current_a,720,False,21.9343,21.9343,0.0,1.8625,1.8625,0.0,,0.0466,-0.6747,0.7252,0.0466,-0.6747,0.7252,100.0,100.0,0,0,33,33,21.5248,21.4545,717,True,,True,True,True,True,True,False
PROC-AUG-DECALAGE,EQ-CONV-376,rpm,719,False,1515.6595,1515.6595,0.0,37.0356,37.0356,0.0,,0.0385,-0.6437,0.7141,0.0385,-0.6437,0.7141,99.86,99.86,0,0,33,33,1512.3891,1512.1458,715,True,,True,True,True,True,True,False
PROC-AUG-DECALAGE,EQ-FAN-002,current_a,718,False,23.7636,23.7636,0.0,1.8195,1.8195,0.0,,0.0156,-0.7133,0.7023,0.0156,-0.7133,0.7023,99.72,99.72,0,0,31,31,23.7665,23.7771,713,True,,True,True,True,True,True,False
PROC-AUG-DECALAGE,EQ-FAN-002,rpm,720,False,1239.879,1239.879,0.0,37.3245,37.3245,0.0,,0.0702,-0.6625,0.724,0.0702,-0.6625,0.724,100.0,100.0,0,0,32,32,1244.3,1244.1681,717,True,,True,True,True,True,True,False
PROC-AUG-DECALAGE,EQ-FAN-002,vibration_mm_s,719,False,2.9331,2.9331,0.0,0.3294,0.3294,0.0,,0.0153,-0.5166,0.5591,0.0153,-0.5166,0.5591,99.86,99.86,0,0,32,32,2.9487,2.9641,715,True,,True,True,True,True,True,False
PROC-AUG-DECALAGE,EQ-FAN-003,rpm,720,False,1418.1174,1418.1174,0.0,37.4458,37.4458,0.0,,0.0404,-0.7044,0.7388,0.0404,-0.7044,0.7388,100.0,100.0,0,0,16,16,1423.8244,1425.335,717,True,,True,True,True,True,True,False
PROC-AUG-DECALAGE,EQ-FAN-003,vibration_mm_s,719,False,2.8393,2.8393,0.0,0.3398,0.3398,0.0,,0.0342,-0.4943,0.5477,0.0342,-0.4943,0.5477,99.86,99.86,0,0,16,16,2.9006,2.9175,715,True,,True,True,True,True,True,False
PROC-AUG-DECALAGE,EQ-FAN-204,vibration_mm_s,719,False,2.9339,2.9339,0.0,0.403,0.403,0.0,,0.3345,-0.0641,0.6168,0.3345,-0.0641,0.6168,99.86,99.86,2,2,32,32,3.8537,3.7234,715,True,,True,True,True,True,False,False
PROC-AUG-DECALAGE,EQ-FAN-284,rpm,719,False,1640.7086,1640.7086,0.0,40.3287,40.3287,0.0,,0.1799,-0.4376,0.7071,0.1799,-0.4376,0.7071,99.86,99.86,0,0,48,48,1612.8765,1615.2715,715,True,,True,True,True,True,True,False
PROC-AUG-DECALAGE,EQ-FAN-284,vibration_mm_s,720,False,2.6737,2.6737,0.0,0.362,0.362,0.0,,0.1681,-0.2744,0.5587,0.1681,-0.2744,0.5587,100.0,100.0,0,0,48,48,2.971,2.9423,717,True,,True,True,True,True,True,False
PROC-AUG-DECALAGE,EQ-FAN-304,rpm,717,False,1526.6926,1526.6926,0.0,37.6809,37.6809,0.0,,0.0505,-0.6451,0.7189,0.0505,-0.6451,0.7189,99.58,99.58,0,0,50,50,1522.1154,1521.267,711,True,,True,True,True,True,True,False
PROC-AUG-DECALAGE,EQ-FAN-304,vibration_mm_s,720,False,2.6733,2.6733,0.0,0.5968,0.5968,0.0,,0.6231,0.3569,0.2824,0.6231,0.3569,0.2824,100.0,100.0,6,6,50,50,2.7822,2.7816,717,True,,True,True,True,True,True,False
PROC-AUG-DECALAGE,EQ-MIX-159,current_a,675,False,25.5073,25.5073,0.0,1.7901,1.7901,0.0,,0.0387,-0.6807,0.7441,0.0387,-0.6807,0.7441,99.7,99.7,0,0,31,31,25.3674,25.6194,669,True,,True,True,True,True,True,False
PROC-AUG-DECALAGE,EQ-MIX-159,vibration_mm_s,720,False,2.7359,2.7359,0.0,0.341,0.341,0.0,,0.0088,-0.5316,0.5492,0.0088,-0.5316,0.5492,100.0,100.0,0,0,31,31,2.7581,2.7381,717,True,,True,True,True,True,True,False
PROC-AUG-DECALAGE,EQ-MIX-259,current_a,720,False,22.1232,22.1232,0.0,1.8117,1.8117,0.0,,0.0317,-0.7005,0.733,0.0317,-0.7005,0.733,100.0,100.0,0,0,58,58,22.0088,21.9574,717,True,,True,True,True,True,True,False
PROC-AUG-DECALAGE,EQ-MIX-259,vibration_mm_s,719,False,2.6266,2.6266,0.0,0.3426,0.3426,0.0,,0.0328,-0.4804,0.5049,0.0328,-0.4804,0.5049,99.86,99.86,0,0,58,58,2.6567,2.6431,715,True,,True,True,True,True,True,False
PROC-AUG-DECALAGE,EQ-MIX-379,current_a,719,False,21.7788,21.7788,0.0,1.8558,1.8558,0.0,,0.0446,-0.6496,0.7153,0.0446,-0.6496,0.7153,99.86,99.86,0,0,30,30,21.7,21.5913,715,True,,True,True,True,True,True,False
PROC-AUG-DECALAGE,EQ-MIX-379,vibration_mm_s,719,False,2.8529,2.8529,0.0,0.3365,0.3365,0.0,,0.0094,-0.5232,0.5297,0.0094,-0.5232,0.5297,99.86,99.86,0,0,30,30,2.8907,2.8467,715,True,,True,True,True,True,False,False
PROC-AUG-DECALAGE,EQ-OVEN-001,current_a,719,False,24.3124,24.3124,0.0,1.8239,1.8239,0.0,,0.0163,-0.6862,0.7246,0.0163,-0.6862,0.7246,99.86,99.86,0,0,30,30,24.1353,24.3227,715,True,,True,True,True,True,True,False
PROC-AUG-DECALAGE,EQ-OVEN-001,temperature_c,719,False,50.6028,50.6028,0.0,3.5776,3.5776,0.0,,0.05,-0.7397,0.796,0.05,-0.7397,0.796,99.86,99.86,0,0,30,29,50.8983,50.6234,715,True,,True,True,True,True,True,False
PROC-AUG-DECALAGE,EQ-OVEN-123,current_a,719,False,24.2703,24.2703,0.0,1.8518,1.8518,0.0,,0.0794,-0.6284,0.7408,0.0794,-0.6284,0.7408,99.86,99.86,0,0,46,46,24.872,24.683,715,True,,True,True,True,True,True,False
PROC-AUG-DECALAGE,EQ-OVEN-123,temperature_c,720,False,57.7026,57.7026,0.0,3.6268,3.6268,0.0,,0.0601,-0.713,0.8149,0.0601,-0.713,0.8149,100.0,100.0,0,0,46,46,59.1915,58.8507,717,True,,True,True,True,True,True,False
PROC-AUG-DECALAGE,EQ-OVEN-223,current_a,720,False,23.4213,23.4213,0.0,1.8451,1.8451,0.0,,0.0279,-0.6843,0.7202,0.0279,-0.6843,0.7202,100.0,100.0,0,0,46,46,23.5104,23.5254,717,True,,True,True,True,True,True,False
PROC-AUG-DECALAGE,EQ-OVEN-223,temperature_c,720,False,61.5173,61.5173,0.0,3.5302,3.5302,0.0,,0.0533,-0.7622,0.81,0.0533,-0.7622,0.81,100.0,100.0,0,0,46,46,61.367,61.6504,717,True,,True,True,True,True,True,False
PROC-AUG-DECALAGE,EQ-OVEN-366,current_a,720,False,23.8479,23.8479,0.0,1.863,1.863,0.0,,0.0598,-0.6114,0.7136,0.0598,-0.6114,0.7136,100.0,100.0,0,0,28,28,25.0189,24.9064,717,True,,True,True,True,True,True,False
PROC-AUG-DECALAGE,EQ-OVEN-366,temperature_c,718,False,51.0907,51.0907,0.0,3.5996,3.5996,0.0,,0.0498,-0.7275,0.8052,0.0498,-0.7275,0.8052,99.72,99.72,0,0,28,28,52.7921,52.7529,713,True,,True,True,True,True,True,False
PROC-AUG-DECALAGE,EQ-OVEN-386,current_a,719,False,23.4141,23.4141,0.0,1.8944,1.8944,0.0,,0.0591,-0.6246,0.7153,0.0591,-0.6246,0.7153,99.86,99.86,0,0,32,32,24.4106,24.4275,715,True,,True,True,True,True,True,False
PROC-AUG-DECALAGE,EQ-OVEN-386,temperature_c,718,False,62.4784,62.4784,0.0,3.752,3.752,0.0,,0.0869,-0.6925,0.7933,0.0869,-0.6925,0.7933,99.72,99.72,0,0,32,32,64.9194,64.4922,713,True,,True,True,True,True,True,False
PROC-AUG-DECALAGE,EQ-PUMP-001,pressure_bar,720,False,6.0597,6.0597,0.0,0.2747,0.2747,0.0,,0.0278,-0.5755,0.5971,0.0278,-0.5755,0.5971,99.72,99.72,0,0,42,42,6.0721,6.0736,715,True,,True,True,True,True,True,False
PROC-AUG-DECALAGE,EQ-PUMP-001,temperature_c,718,False,58.3637,58.3637,0.0,3.535,3.535,0.0,,0.0371,-0.762,0.8033,0.0371,-0.762,0.8033,99.72,99.72,0,0,42,42,59.0681,59.3188,713,True,,True,True,True,True,True,False
PROC-AUG-DECALAGE,EQ-PUMP-001,vibration_mm_s,721,False,2.8628,2.8628,0.0,0.3455,0.3455,0.0,,0.0764,-0.4399,0.5112,0.0764,-0.4399,0.5112,99.86,99.86,0,0,43,43,2.9847,2.9902,717,True,,True,True,True,True,True,False
PROC-AUG-DECALAGE,EQ-PUMP-006,temperature_c,719,False,55.1874,55.1874,0.0,3.7934,3.7934,0.0,,0.1521,-0.5468,0.7837,0.1521,-0.5468,0.7837,99.86,99.86,0,0,32,32,60.0281,60.5922,715,True,,True,True,True,True,True,False
PROC-AUG-DECALAGE,EQ-PUMP-006,vibration_mm_s,720,False,3.1489,3.1489,0.0,0.3942,0.3942,0.0,,0.2467,-0.1382,0.5886,0.2467,-0.1382,0.5886,100.0,100.0,0,0,32,32,3.9737,3.8869,717,True,,True,True,True,True,False,False
PROC-AUG-DECALAGE,EQ-PUMP-171,temperature_c,720,False,60.8099,60.8099,0.0,3.6597,3.6597,0.0,,0.0815,-0.6748,0.7902,0.0815,-0.6748,0.7902,99.72,99.72,0,0,48,48,62.5196,62.489,715,True,,True,True,True,True,True,False
PROC-AUG-DECALAGE,EQ-PUMP-171,vibration_mm_s,640,False,2.9052,2.9052,0.0,0.3595,0.3595,0.0,,0.1144,-0.4445,0.5157,0.1144,-0.4445,0.5157,99.53,99.53,0,0,48,48,3.0563,3.0663,632,True,,True,True,True,True,True,False
PROC-AUG-DECALAGE,EQ-PUMP-350,temperature_c,720,False,60.6106,60.6106,0.0,3.6546,3.6546,0.0,,0.0803,-0.6837,0.806,0.0803,-0.6837,0.806,100.0,100.0,0,0,47,47,61.8294,62.0394,717,True,,True,True,True,True,True,False
PROC-AUG-DECALAGE,EQ-PUMP-350,vibration_mm_s,719,False,3.0111,3.0111,0.0,0.3747,0.3747,0.0,,0.1466,-0.344,0.5912,0.1466,-0.344,0.5912,99.86,99.86,0,0,47,47,3.2564,3.2419,715,True,,True,True,True,True,True,False
PROC-AUG-DECALAGE,EQ-ROBOT-358,current_a,719,False,20.9608,20.9608,0.0,1.8149,1.8149,0.0,,0.0435,-0.6485,0.7321,0.0435,-0.6485,0.7321,99.86,99.86,0,0,41,41,21.4705,21.3202,715,True,,True,True,True,True,True,False
PROC-AUG-DECALAGE,EQ-ROBOT-358,vibration_mm_s,718,False,2.8586,2.8586,0.0,0.3476,0.3476,0.0,,0.0875,-0.4594,0.5259,0.0875,-0.4594,0.5259,99.72,99.72,0,0,41,41,2.9639,2.9954,713,True,,True,True,True,True,False,False
PROC-AUG-DECALAGE,EQ-SENSOR-305,temperature_c,719,False,56.1275,56.1275,0.0,3.6371,3.6371,0.0,,0.0728,-0.7169,0.8071,0.0728,-0.7169,0.8071,99.86,99.86,0,0,17,17,59.8512,59.9324,715,True,,True,True,True,True,True,False
PROC-AUG-DECALAGE,EQ-STEAM-341,pressure_bar,719,False,5.9729,5.9729,0.0,0.2731,0.2731,0.0,,0.0301,-0.5981,0.6387,0.0301,-0.5981,0.6387,99.86,99.86,0,0,40,40,5.9575,5.9672,715,True,,True,True,True,True,True,False
PROC-AUG-DECALAGE,EQ-STEAM-341,temperature_c,720,False,55.3074,55.3074,0.0,3.5462,3.5462,0.0,,0.0247,-0.7476,0.7807,0.0247,-0.7476,0.7807,100.0,100.0,0,0,40,40,55.3102,55.344,717,True,,True,True,True,True,True,False
PROC-AUG-DECALAGE,EQ-STEAM-352,pressure_bar,720,False,6.3648,6.3648,0.0,0.2776,0.2776,0.0,,0.0359,-0.5627,0.6221,0.0359,-0.5627,0.6221,100.0,100.0,0,0,30,30,6.2793,6.292,717,True,,True,True,True,True,True,False
PROC-AUG-DECALAGE,EQ-STEAM-352,temperature_c,719,False,59.3272,59.3272,0.0,3.5328,3.5328,0.0,,0.0602,-0.7278,0.7931,0.0602,-0.7278,0.7931,99.86,99.86,0,0,30,30,60.914,60.8467,715,True,,True,True,True,True,True,False
PROC-AUG-PERMUT,EQ-CAB-134,current_a,720,True,21.6383,21.6383,-0.0,1.8327,1.8327,0.0,0.3431,0.0446,-0.6734,0.714,0.0872,-0.5121,0.3476,99.72,99.72,0,0,38,38,21.39,21.5537,720,True,False,False,True,True,True,True,False
PROC-AUG-PERMUT,EQ-CAB-134,temperature_c,720,True,55.2711,55.2711,-0.0,3.5427,3.5427,0.0,0.7965,0.0335,-0.7756,0.824,0.0355,-0.7757,0.8124,100.0,100.0,0,0,38,38,54.6203,55.1092,720,True,False,True,True,True,True,True,False
PROC-AUG-PERMUT,EQ-CHILL-001,pressure_bar,720,True,5.824,5.824,0.0,0.2779,0.2779,0.0,0.6192,0.0513,-0.5822,0.6309,0.0438,-0.591,0.61,100.0,100.0,0,0,22,22,5.7664,5.8618,720,True,False,True,True,True,True,False,False
PROC-AUG-PERMUT,EQ-CHILL-001,temperature_c,719,True,55.6192,55.6192,0.0,3.6092,3.6092,0.0,0.4377,0.0577,-0.7421,0.8101,0.0443,-0.5781,0.4033,99.86,99.86,0,0,22,22,57.1059,54.8855,719,True,False,False,True,True,True,False,False
PROC-AUG-PERMUT,EQ-CHILL-115,pressure_bar,720,True,6.9929,6.9929,0.0,0.2795,0.2795,0.0,0.6602,0.0164,-0.6122,0.6043,0.0079,-0.6041,0.6116,100.0,100.0,0,0,30,30,6.997,7.0533,720,True,False,True,True,True,True,True,False
PROC-AUG-PERMUT,EQ-CHILL-115,temperature_c,718,True,59.8194,59.8194,0.0,3.5648,3.5648,0.0,0.0676,0.0449,-0.7375,0.7993,-0.1129,-0.3935,0.0304,99.72,99.72,0,0,30,30,59.765,60.6587,718,True,False,False,True,True,True,False,False
PROC-AUG-PERMUT,EQ-CHILL-168,pressure_bar,720,True,7.2117,7.2117,0.0,0.2657,0.2657,0.0,0.5296,0.0363,-0.4875,0.5894,0.0521,-0.503,0.5576,100.0,100.0,0,0,44,44,7.0845,7.2207,720,True,False,True,True,True,True,False,False
PROC-AUG-PERMUT,EQ-CHILL-168,temperature_c,719,True,59.1001,59.1001,0.0,3.628,3.628,0.0,0.234,0.0559,-0.7217,0.8018,0.0944,-0.6486,0.5888,99.86,99.86,0,0,44,44,59.9339,59.668,719,True,False,False,True,True,True,True,False
PROC-AUG-PERMUT,EQ-CHILL-188,pressure_bar,719,True,6.3518,6.3518,0.0,0.2791,0.2791,0.0,0.171,0.0911,-0.4756,0.6177,0.1542,-0.3357,0.2077,99.86,99.86,0,0,32,32,6.1088,6.3209,719,True,False,False,True,True,True,False,False
PROC-AUG-PERMUT,EQ-CHILL-188,temperature_c,719,True,58.3132,58.3132,0.0,3.6414,3.6414,0.0,0.5414,0.0689,-0.7121,0.8141,0.0991,-0.5879,0.5,99.86,99.86,0,0,32,32,60.9091,58.2697,719,True,False,False,True,True,True,False,False
PROC-AUG-PERMUT,EQ-CHILL-248,pressure_bar,719,True,6.8906,6.8906,0.0,0.2768,0.2768,0.0,0.1167,0.0643,-0.5746,0.6209,0.0077,-0.5114,0.4127,99.86,99.86,0,0,28,28,6.8168,6.8618,719,True,False,False,True,True,True,True,False
PROC-AUG-PERMUT,EQ-CHILL-248,temperature_c,719,True,54.319,54.319,0.0,4.7981,4.7981,-0.0,0.2405,0.4547,-0.0078,0.8818,0.3902,-0.1163,0.2244,99.86,99.86,0,0,28,28,53.6846,56.6868,719,True,False,False,True,True,True,False,False
PROC-AUG-PERMUT,EQ-COMP-002,pressure_bar,719,True,6.5708,6.5708,0.0,0.2733,0.2733,0.0,0.241,0.1061,-0.4864,0.6142,0.0158,-0.4235,0.3286,99.86,99.86,0,0,61,61,6.5016,6.5421,719,True,False,False,True,True,True,True,False
PROC-AUG-PERMUT,EQ-COMP-002,temperature_c,719,True,59.2631,59.2631,0.0,3.6823,3.6823,0.0,0.4232,0.0625,-0.729,0.7966,0.0642,-0.6385,0.5744,99.86,99.86,0,0,62,62,60.0395,59.7423,719,True,False,False,True,True,True,True,False
PROC-AUG-PERMUT,EQ-COMP-113,pressure_bar,720,True,5.9425,5.9425,0.0,0.2691,0.2691,-0.0,0.6239,0.0334,-0.592,0.6336,0.0059,-0.6121,0.6287,100.0,100.0,0,0,28,28,5.9157,5.8868,720,True,False,True,True,True,True,True,False
PROC-AUG-PERMUT,EQ-COMP-113,temperature_c,719,True,62.2271,62.2271,0.0,3.6847,3.6847,0.0,0.0601,0.0566,-0.7276,0.7925,0.0913,-0.5688,0.4257,99.86,99.86,0,0,28,28,63.7543,62.4982,719,True,False,False,True,True,True,False,False
PROC-AUG-PERMUT,EQ-COMP-233,pressure_bar,720,True,6.6528,6.6528,-0.0,0.2738,0.2738,0.0,0.5711,0.0921,-0.5308,0.6337,0.0732,-0.5315,0.569,100.0,100.0,0,0,43,43,6.5,6.6644,720,True,False,False,True,True,True,False,False
PROC-AUG-PERMUT,EQ-COMP-233,temperature_c,720,True,59.2177,59.2177,0.0,3.6388,3.6388,0.0,0.7807,0.0654,-0.7107,0.8267,0.051,-0.7415,0.7693,100.0,100.0,0,0,43,43,60.6051,59.5458,720,True,False,False,True,True,True,False,False
PROC-AUG-PERMUT,EQ-COMP-249,pressure_bar,719,True,5.3635,5.3635,0.0,0.2696,0.2696,0.0,0.2848,0.0227,-0.5993,0.6567,-0.0286,-0.4566,0.3009,99.86,99.86,0,0,30,30,5.2413,5.4013,719,True,False,False,True,True,True,False,False
PROC-AUG-PERMUT,EQ-COMP-396,pressure_bar,717,True,6.0995,6.0995,0.0,0.2692,0.2692,-0.0,0.1479,0.0275,-0.6134,0.6378,-0.0065,-0.4124,0.1817,99.58,99.58,0,0,32,32,6.0819,6.0944,717,True,False,False,True,True,True,True,False
PROC-AUG-PERMUT,EQ-CONV-003,current_a,718,True,21.2508,21.2508,-0.0,1.8915,1.8915,0.0,0.0738,0.1199,-0.561,0.7188,0.0189,-0.3186,-0.0002,99.72,99.72,0,0,35,35,22.3671,20.9551,718,True,False,False,True,True,True,False,False
PROC-AUG-PERMUT,EQ-CONV-003,rpm,720,True,1290.3872,1290.3872,0.0,39.1822,39.1822,0.0,0.6727,0.1078,-0.5879,0.7468,0.0906,-0.6113,0.6526,100.0,100.0,0,0,35,35,1259.0323,1292.0323,720,True,False,False,True,True,True,False,False
PROC-AUG-PERMUT,EQ-CONV-262,current_a,719,True,28.7741,28.7741,0.0,1.864,1.864,0.0,0.3365,0.0402,-0.6738,0.7305,-0.003,-0.5813,0.4914,99.86,99.86,0,0,33,33,28.5779,29.0824,719,True,False,False,True,True,True,False,False
PROC-AUG-PERMUT,EQ-CONV-262,rpm,719,True,1463.041,1463.041,0.0,37.502,37.502,0.0,0.3373,0.0319,-0.6766,0.734,-0.0527,-0.5137,0.3724,99.86,99.86,0,0,33,33,1466.0142,1460.9224,719,True,False,False,True,True,True,True,False
PROC-AUG-PERMUT,EQ-CONV-336,current_a,720,True,22.584,22.584,0.0,1.8501,1.8501,0.0,0.7059,0.0532,-0.6845,0.745,0.0484,-0.6921,0.7125,100.0,100.0,0,0,33,33,23.2658,22.5252,720,True,False,True,True,True,True,False,False
PROC-AUG-PERMUT,EQ-CONV-336,rpm,719,True,1355.0136,1355.0136,0.0,38.384,38.384,0.0,0.3677,0.0557,-0.665,0.7297,0.0102,-0.5284,0.3954,99.86,99.86,0,0,33,33,1333.6406,1356.6385,719,True,False,False,True,True,True,False,False
PROC-AUG-PERMUT,EQ-CONV-376,current_a,720,True,21.9343,21.9343,-0.0,1.8625,1.8625,0.0,0.695,0.0466,-0.6747,0.7252,0.0399,-0.6671,0.6991,100.0,100.0,0,0,33,33,21.5248,22.0579,720,True,False,True,True,True,True,False,False
PROC-AUG-PERMUT,EQ-CONV-376,rpm,719,True,1515.6595,1515.6595,0.0,37.0356,37.0356,0.0,0.4464,0.0385,-0.6437,0.7141,0.0657,-0.572,0.4886,99.86,99.86,0,0,33,33,1512.3891,1520.8682,719,True,False,False,True,True,True,True,False
PROC-AUG-PERMUT,EQ-FAN-002,current_a,718,True,23.7636,23.7636,-0.0,1.8195,1.8195,0.0,-0.0616,0.0156,-0.7133,0.7023,0.0845,-0.4486,0.2072,99.72,99.72,0,0,31,31,23.7665,23.4597,718,True,False,False,True,True,True,False,False
PROC-AUG-PERMUT,EQ-FAN-002,rpm,720,True,1239.879,1239.879,-0.0,37.3245,37.3245,0.0,0.6971,0.0702,-0.6625,0.724,0.0586,-0.6727,0.7023,100.0,100.0,0,0,32,32,1244.3,1230.0328,720,True,False,True,True,True,True,False,False
PROC-AUG-PERMUT,EQ-FAN-002,vibration_mm_s,719,True,2.9331,2.9331,0.0,0.3294,0.3294,0.0,0.0293,0.0153,-0.5166,0.5591,-0.0481,-0.3939,0.3303,99.86,99.86,0,0,32,32,2.9487,3.0209,719,True,False,False,True,True,True,False,False
PROC-AUG-PERMUT,EQ-FAN-003,rpm,720,True,1418.1174,1418.1174,0.0,37.4458,37.4458,-0.0,0.748,0.0404,-0.7044,0.7388,0.0335,-0.7036,0.734,100.0,100.0,0,0,16,16,1423.8244,1416.8744,720,True,False,True,True,True,True,True,False
PROC-AUG-PERMUT,EQ-FAN-003,vibration_mm_s,719,True,2.8393,2.8393,0.0,0.3398,0.3398,0.0,0.1136,0.0342,-0.4943,0.5477,0.0469,-0.434,0.3523,99.86,99.86,0,0,16,16,2.9006,2.7969,719,True,False,False,True,True,True,False,False
PROC-AUG-PERMUT,EQ-FAN-204,vibration_mm_s,719,True,2.9339,2.9339,0.0,0.403,0.403,0.0,0.282,0.3345,-0.0641,0.6168,0.3164,-0.0838,0.1768,99.86,99.86,2,2,32,32,3.8537,3.0869,719,True,False,False,True,True,True,False,False
PROC-AUG-PERMUT,EQ-FAN-284,rpm,719,True,1640.7086,1640.7086,0.0,40.3287,40.3287,0.0,0.1375,0.1799,-0.4376,0.7071,0.2124,-0.3709,0.3251,99.86,99.86,0,0,48,48,1612.8765,1644.4165,719,True,False,False,True,True,True,False,False
PROC-AUG-PERMUT,EQ-FAN-284,vibration_mm_s,720,True,2.6737,2.6737,0.0,0.362,0.362,0.0,0.4261,0.1681,-0.2744,0.5587,0.136,-0.3346,0.4655,100.0,100.0,0,0,48,48,2.971,2.6023,720,True,False,False,True,True,True,False,False
PROC-AUG-PERMUT,EQ-FAN-304,rpm,717,True,1526.6926,1526.6926,-0.0,37.6809,37.6809,0.0,0.0815,0.0505,-0.6451,0.7189,-0.0032,-0.328,0.0288,99.58,99.58,0,0,50,50,1522.1154,1533.5538,717,True,False,False,True,True,True,True,False
PROC-AUG-PERMUT,EQ-FAN-304,vibration_mm_s,720,True,2.6733,2.6733,-0.0,0.5968,0.5968,-0.0,0.1401,0.6231,0.3569,0.2824,0.5571,0.1518,0.1886,100.0,100.0,6,6,50,50,2.7822,2.6342,720,True,False,False,True,True,True,False,False
PROC-AUG-PERMUT,EQ-MIX-159,current_a,675,True,25.5073,25.5073,0.0,1.7901,1.7901,0.0,0.2902,0.0387,-0.6807,0.7441,0.0572,-0.5074,0.3651,99.7,99.7,0,0,31,31,25.3674,25.39,675,True,False,False,True,True,True,True,False
PROC-AUG-PERMUT,EQ-MIX-159,vibration_mm_s,720,True,2.7359,2.7359,0.0,0.341,0.341,0.0,0.5356,0.0088,-0.5316,0.5492,0.0126,-0.5546,0.5672,100.0,100.0,0,0,31,31,2.7581,2.71,720,True,False,True,True,True,True,False,False
PROC-AUG-PERMUT,EQ-MIX-259,current_a,720,True,22.1232,22.1232,0.0,1.8117,1.8117,0.0,0.7083,0.0317,-0.7005,0.733,0.0276,-0.7075,0.7271,100.0,100.0,0,0,58,58,22.0088,22.2303,720,True,False,True,True,True,True,False,False
PROC-AUG-PERMUT,EQ-MIX-259,vibration_mm_s,719,True,2.6266,2.6266,0.0,0.3426,0.3426,0.0,-0.0048,0.0328,-0.4804,0.5049,0.0697,-0.3718,0.2898,99.86,99.86,0,0,58,58,2.6567,2.6664,719,True,False,False,True,True,True,True,False
PROC-AUG-PERMUT,EQ-MIX-379,current_a,719,True,21.7788,21.7788,0.0,1.8558,1.8558,0.0,0.1194,0.0446,-0.6496,0.7153,-0.031,-0.5563,0.4635,99.86,99.86,0,0,30,30,21.7,21.718,719,True,False,False,True,True,True,True,False
PROC-AUG-PERMUT,EQ-MIX-379,vibration_mm_s,719,True,2.8529,2.8529,0.0,0.3365,0.3365,0.0,0.1509,0.0094,-0.5232,0.5297,-0.0615,-0.4222,0.2909,99.86,99.86,0,0,30,30,2.8907,2.8887,719,True,False,False,True,True,True,True,False
PROC-AUG-PERMUT,EQ-OVEN-001,current_a,719,True,24.3124,24.3124,0.0,1.8239,1.8239,-0.0,0.3647,0.0163,-0.6862,0.7246,-0.0082,-0.5936,0.4994,99.86,99.86,0,0,30,30,24.1353,24.4487,719,True,False,False,True,True,True,False,False
PROC-AUG-PERMUT,EQ-OVEN-001,temperature_c,719,True,50.6028,50.6028,0.0,3.5776,3.5776,0.0,0.4481,0.05,-0.7397,0.796,0.1433,-0.5469,0.3948,99.86,99.86,0,0,30,30,50.8983,50.7553,719,True,False,False,True,True,True,True,False
PROC-AUG-PERMUT,EQ-OVEN-123,current_a,719,True,24.2703,24.2703,-0.0,1.8518,1.8518,0.0,0.2453,0.0794,-0.6284,0.7408,-0.0101,-0.5265,0.4127,99.86,99.86,0,0,46,46,24.872,24.39,719,True,False,False,True,True,True,False,False
PROC-AUG-PERMUT,EQ-OVEN-123,temperature_c,720,True,57.7026,57.7026,0.0,3.6268,3.6268,0.0,0.7836,0.0601,-0.713,0.8149,0.0427,-0.7399,0.7695,100.0,100.0,0,0,46,46,59.1915,57.9915,720,True,False,True,True,True,True,False,False
PROC-AUG-PERMUT,EQ-OVEN-223,current_a,720,True,23.4213,23.4212,-0.0,1.8451,1.8451,0.0,0.715,0.0279,-0.6843,0.7202,0.0299,-0.6998,0.6906,100.0,100.0,0,0,46,46,23.5104,23.8391,720,True,False,True,True,True,True,False,False
PROC-AUG-PERMUT,EQ-OVEN-223,temperature_c,720,True,61.5173,61.5173,-0.0,3.5302,3.5302,0.0,0.801,0.0533,-0.7622,0.81,0.0402,-0.7681,0.7897,100.0,100.0,0,0,46,46,61.367,61.1678,720,True,False,True,True,True,True,True,False
PROC-AUG-PERMUT,EQ-OVEN-366,current_a,720,True,23.8479,23.8479,0.0,1.863,1.863,0.0,0.6683,0.0598,-0.6114,0.7136,0.0533,-0.6308,0.676,100.0,100.0,0,0,28,28,25.0189,23.8364,720,True,False,True,True,True,True,False,False
PROC-AUG-PERMUT,EQ-OVEN-366,temperature_c,718,True,51.0907,51.0907,0.0,3.5996,3.5996,0.0,-0.2529,0.0498,-0.7275,0.8052,0.111,-0.4305,0.1221,99.72,99.72,0,0,28,28,52.7921,51.4936,718,True,False,False,True,True,True,False,False
PROC-AUG-PERMUT,EQ-OVEN-386,current_a,719,True,23.4141,23.4141,0.0,1.8944,1.8944,0.0,0.2948,0.0591,-0.6246,0.7153,0.0771,-0.5085,0.3769,99.86,99.86,0,0,32,32,24.4106,23.4066,719,True,False,False,True,True,True,False,False
PROC-AUG-PERMUT,EQ-OVEN-386,temperature_c,718,True,62.4784,62.4784,0.0,3.752,3.752,0.0,-0.1119,0.0869,-0.6925,0.7933,0.081,-0.3657,0.0614,99.72,99.72,0,0,32,32,64.9194,62.6337,718,True,False,False,True,True,True,False,False
PROC-AUG-PERMUT,EQ-PUMP-001,pressure_bar,720,True,6.0597,6.0597,0.0,0.2747,0.2747,0.0,0.2631,0.0278,-0.5755,0.5971,-0.0114,-0.4534,0.3176,99.72,99.72,0,0,42,42,6.0721,6.0788,720,True,False,False,True,True,True,True,False
PROC-AUG-PERMUT,EQ-PUMP-001,temperature_c,718,True,58.3637,58.3637,0.0,3.535,3.535,0.0,-0.3385,0.0371,-0.762,0.8033,0.0556,-0.5627,0.3576,99.72,99.72,0,0,42,42,59.0681,57.8098,718,True,False,False,True,True,True,False,False
PROC-AUG-PERMUT,EQ-PUMP-001,vibration_mm_s,721,True,2.8628,2.8628,0.0,0.3455,0.3455,0.0,0.2573,0.0764,-0.4399,0.5112,0.0425,-0.4561,0.4979,99.86,99.86,0,0,43,43,2.9847,2.8991,721,True,False,True,True,True,True,False,False
PROC-AUG-PERMUT,EQ-PUMP-006,temperature_c,719,True,55.1874,55.1874,0.0,3.7934,3.7934,0.0,0.3352,0.1521,-0.5468,0.7837,0.0825,-0.5061,0.4455,99.86,99.86,0,0,32,32,60.0281,55.325,719,True,False,False,True,True,True,False,False
PROC-AUG-PERMUT,EQ-PUMP-006,vibration_mm_s,720,True,3.1489,3.1489,0.0,0.3942,0.3942,0.0,0.3481,0.2467,-0.1382,0.5886,0.1821,-0.2486,0.4136,100.0,100.0,0,0,32,32,3.9737,3.0953,720,True,False,False,True,True,True,False,False
PROC-AUG-PERMUT,EQ-PUMP-171,temperature_c,720,True,60.8099,60.8099,0.0,3.6597,3.6597,-0.0,0.4029,0.0815,-0.6748,0.7902,0.0722,-0.6021,0.5096,99.72,99.72,0,0,48,48,62.5196,61.2006,720,True,False,False,True,True,True,False,False
PROC-AUG-PERMUT,EQ-PUMP-171,vibration_mm_s,640,True,2.9052,2.9052,0.0,0.3595,0.3595,0.0,0.3365,0.1144,-0.4445,0.5157,0.06,-0.3859,0.3237,99.53,99.53,0,0,48,48,3.0563,2.8869,640,True,False,False,True,True,True,False,False
PROC-AUG-PERMUT,EQ-PUMP-350,temperature_c,720,True,60.6106,60.6106,0.0,3.6546,3.6546,-0.0,0.7593,0.0803,-0.6837,0.806,0.0719,-0.7176,0.7686,100.0,100.0,0,0,47,47,61.8294,60.4274,720,True,False,True,True,True,True,False,False
PROC-AUG-PERMUT,EQ-PUMP-350,vibration_mm_s,719,True,3.0111,3.0111,0.0,0.3747,0.3747,0.0,0.2833,0.1466,-0.344,0.5912,0.1944,-0.2655,0.2716,99.86,99.86,0,0,47,47,3.2564,3.0823,719,True,False,False,True,True,True,False,False
PROC-AUG-PERMUT,EQ-ROBOT-358,current_a,719,True,20.9608,20.9608,0.0,1.8149,1.8149,0.0,0.0736,0.0435,-0.6485,0.7321,0.0549,-0.5359,0.4,99.86,99.86,0,0,41,41,21.4705,20.651,719,True,False,False,True,True,True,False,False
PROC-AUG-PERMUT,EQ-ROBOT-358,vibration_mm_s,718,True,2.8586,2.8586,0.0,0.3476,0.3476,0.0,-0.1372,0.0875,-0.4594,0.5259,0.1137,-0.2948,0.1204,99.72,99.72,0,0,41,41,2.9639,2.9293,718,True,False,False,True,True,True,False,False
PROC-AUG-PERMUT,EQ-SENSOR-305,temperature_c,719,True,56.1275,56.1275,-0.0,3.6371,3.6371,0.0,0.1579,0.0728,-0.7169,0.8071,-0.054,-0.5075,0.3191,99.86,99.86,0,0,17,17,59.8512,55.8512,719,True,False,False,True,True,True,False,False
PROC-AUG-PERMUT,EQ-STEAM-341,pressure_bar,719,True,5.9729,5.9729,0.0,0.2731,0.2731,0.0,0.2394,0.0301,-0.5981,0.6387,0.0533,-0.5052,0.4178,99.86,99.86,0,0,40,40,5.9575,5.9858,719,True,False,False,True,True,True,True,False
PROC-AUG-PERMUT,EQ-STEAM-341,temperature_c,720,True,55.3074,55.3074,0.0,3.5462,3.5462,0.0,0.7846,0.0247,-0.7476,0.7807,0.0268,-0.7394,0.7856,100.0,100.0,0,0,40,40,55.3102,55.5275,720,True,False,True,True,True,True,True,False
PROC-AUG-PERMUT,EQ-STEAM-352,pressure_bar,720,True,6.3648,6.3648,0.0,0.2776,0.2776,0.0,0.6075,0.0359,-0.5627,0.6221,0.0337,-0.6041,0.5846,100.0,100.0,0,0,30,30,6.2793,6.3827,720,True,False,True,True,True,True,False,False
PROC-AUG-PERMUT,EQ-STEAM-352,temperature_c,719,True,59.3272,59.3272,0.0,3.5328,3.5328,0.0,0.0143,0.0602,-0.7278,0.7931,0.02,-0.5877,0.4696,99.86,99.86,0,0,30,30,60.914,58.303,719,True,False,False,True,True,True,False,False
PROC-AUG-DEFORM,EQ-CAB-134,current_a,720,False,21.6383,21.6383,0.0,1.8327,1.8327,0.0,,0.0446,-0.6734,0.714,0.0446,-0.6734,0.714,99.72,0.0,0,0,38,38,21.39,21.3753,1,True,,True,False,True,True,True,False
PROC-AUG-DEFORM,EQ-CAB-134,temperature_c,720,False,55.2711,55.2711,0.0,3.5427,3.5427,0.0,,0.0335,-0.7756,0.824,0.0335,-0.7756,0.824,100.0,0.0,0,0,38,38,54.6203,54.7392,1,True,,True,False,True,True,True,False
PROC-AUG-DEFORM,EQ-CHILL-001,pressure_bar,720,False,5.824,5.824,0.0,0.2779,0.2779,0.0,,0.0513,-0.5822,0.6309,0.0513,-0.5822,0.6309,100.0,0.0,0,0,22,22,5.7664,5.7414,1,True,,True,False,True,True,True,False
PROC-AUG-DEFORM,EQ-CHILL-001,temperature_c,719,False,55.6192,55.6192,0.0,3.6092,3.6092,0.0,,0.0577,-0.7421,0.8101,0.0577,-0.7421,0.8101,99.86,0.0,0,0,22,22,57.1059,57.1059,1,True,,True,False,True,True,True,False
PROC-AUG-DEFORM,EQ-CHILL-115,pressure_bar,720,False,6.9929,6.9929,0.0,0.2795,0.2795,0.0,,0.0164,-0.6122,0.6043,0.0164,-0.6122,0.6043,100.0,0.0,0,0,30,31,6.997,7.0161,1,True,,True,False,True,True,True,False
PROC-AUG-DEFORM,EQ-CHILL-115,temperature_c,718,False,59.8194,59.8194,0.0,3.5648,3.5648,0.0,,0.0449,-0.7375,0.7993,0.0449,-0.7375,0.7993,99.72,0.0,0,0,30,30,59.765,59.5943,1,True,,True,False,True,True,True,False
PROC-AUG-DEFORM,EQ-CHILL-168,pressure_bar,720,False,7.2117,7.2117,0.0,0.2657,0.2657,0.0,,0.0363,-0.4875,0.5894,0.0363,-0.4875,0.5894,100.0,0.0,0,0,44,45,7.0845,7.0958,1,True,,True,False,True,True,True,False
PROC-AUG-DEFORM,EQ-CHILL-168,temperature_c,719,False,59.1001,59.1001,0.0,3.628,3.628,0.0,,0.0559,-0.7217,0.8018,0.0559,-0.7217,0.8018,99.86,0.0,0,0,44,44,59.9339,59.9032,1,True,,True,False,True,True,True,False
PROC-AUG-DEFORM,EQ-CHILL-188,pressure_bar,719,False,6.3518,6.3518,0.0,0.2791,0.2791,0.0,,0.0911,-0.4756,0.6177,0.0911,-0.4756,0.6177,99.86,0.0,0,0,32,33,6.1088,6.1164,1,True,,True,False,True,True,True,False
PROC-AUG-DEFORM,EQ-CHILL-188,temperature_c,719,False,58.3132,58.3132,0.0,3.6414,3.6414,0.0,,0.0689,-0.7121,0.8141,0.0689,-0.7121,0.8141,99.86,0.0,0,0,32,32,60.9091,60.8559,2,True,,True,False,True,True,True,False
PROC-AUG-DEFORM,EQ-CHILL-248,pressure_bar,719,False,6.8906,6.8906,0.0,0.2768,0.2768,0.0,,0.0643,-0.5746,0.6209,0.0643,-0.5746,0.6209,99.86,0.0,0,0,28,28,6.8168,6.8107,1,True,,True,False,True,True,True,False
PROC-AUG-DEFORM,EQ-CHILL-248,temperature_c,719,False,54.319,54.319,0.0,4.7981,4.7981,0.0,,0.4547,-0.0078,0.8818,0.4547,-0.0078,0.8818,99.86,0.0,0,0,28,28,53.6846,54.1368,1,True,,True,False,True,True,True,False
PROC-AUG-DEFORM,EQ-COMP-002,pressure_bar,719,False,6.5708,6.5708,0.0,0.2733,0.2733,0.0,,0.1061,-0.4864,0.6142,0.1061,-0.4864,0.6142,99.86,0.0,0,0,61,62,6.5016,6.515,1,True,,True,False,True,True,True,False
PROC-AUG-DEFORM,EQ-COMP-002,temperature_c,719,False,59.2631,59.2631,0.0,3.6823,3.6823,0.0,,0.0625,-0.729,0.7966,0.0625,-0.729,0.7966,99.86,0.0,0,0,62,64,60.0395,59.838,1,True,,True,False,True,True,True,False
PROC-AUG-DEFORM,EQ-COMP-113,pressure_bar,720,False,5.9425,5.9425,0.0,0.2691,0.2691,0.0,,0.0334,-0.592,0.6336,0.0334,-0.592,0.6336,100.0,0.0,0,0,28,28,5.9157,5.9007,1,True,,True,False,True,True,True,False
PROC-AUG-DEFORM,EQ-COMP-113,temperature_c,719,False,62.2271,62.2271,0.0,3.6847,3.6847,0.0,,0.0566,-0.7276,0.7925,0.0566,-0.7276,0.7925,99.86,0.14,0,0,28,29,63.7543,63.9479,1,True,,True,False,True,True,True,False
PROC-AUG-DEFORM,EQ-COMP-233,pressure_bar,720,False,6.6528,6.6528,0.0,0.2738,0.2738,0.0,,0.0921,-0.5308,0.6337,0.0921,-0.5308,0.6337,100.0,0.0,0,0,43,43,6.5,6.5244,1,True,,True,False,True,True,True,False
PROC-AUG-DEFORM,EQ-COMP-233,temperature_c,720,False,59.2177,59.2177,0.0,3.6388,3.6388,0.0,,0.0654,-0.7107,0.8267,0.0654,-0.7107,0.8267,100.0,0.0,0,0,43,43,60.6051,60.3605,1,True,,True,False,True,True,True,False
PROC-AUG-DEFORM,EQ-COMP-249,pressure_bar,719,False,5.3635,5.3635,0.0,0.2696,0.2696,0.0,,0.0227,-0.5993,0.6567,0.0227,-0.5993,0.6567,99.86,0.0,0,0,30,29,5.2413,5.3055,1,True,,True,False,True,True,False,False
PROC-AUG-DEFORM,EQ-COMP-396,pressure_bar,717,False,6.0995,6.0995,0.0,0.2692,0.2692,0.0,,0.0275,-0.6134,0.6378,0.0275,-0.6134,0.6378,99.58,0.0,0,0,32,31,6.0819,6.0574,1,True,,True,False,True,True,True,False
PROC-AUG-DEFORM,EQ-CONV-003,current_a,718,False,21.2508,21.2508,0.0,1.8915,1.8915,0.0,,0.1199,-0.561,0.7188,0.1199,-0.561,0.7188,99.72,0.0,0,0,35,35,22.3671,22.02,1,True,,True,False,True,True,False,False
PROC-AUG-DEFORM,EQ-CONV-003,rpm,720,False,1290.3872,1290.3872,0.0,39.1822,39.1822,0.0,,0.1078,-0.5879,0.7468,0.1078,-0.5879,0.7468,100.0,0.0,0,0,35,33,1259.0323,1260.7827,1,True,,True,False,True,False,True,False
PROC-AUG-DEFORM,EQ-CONV-262,current_a,719,False,28.7741,28.7741,0.0,1.864,1.864,0.0,,0.0402,-0.6738,0.7305,0.0402,-0.6738,0.7305,99.86,0.14,0,0,33,33,28.5779,28.6697,1,True,,True,False,True,True,True,False
PROC-AUG-DEFORM,EQ-CONV-262,rpm,719,False,1463.041,1463.041,0.0,37.502,37.502,0.0,,0.0319,-0.6766,0.734,0.0319,-0.6766,0.734,99.86,0.0,0,0,33,32,1466.0142,1466.0503,1,True,,True,False,True,True,True,False
PROC-AUG-DEFORM,EQ-CONV-336,current_a,720,False,22.584,22.584,0.0,1.8501,1.8501,0.0,,0.0532,-0.6845,0.745,0.0532,-0.6845,0.745,100.0,0.14,0,0,33,34,23.2658,23.0238,1,True,,True,False,True,True,False,False
PROC-AUG-DEFORM,EQ-CONV-336,rpm,719,False,1355.0136,1355.0136,0.0,38.384,38.384,0.0,,0.0557,-0.665,0.7297,0.0557,-0.665,0.7297,99.86,0.0,0,0,33,33,1333.6406,1331.693,1,True,,True,False,True,True,True,False
PROC-AUG-DEFORM,EQ-CONV-376,current_a,720,False,21.9343,21.9343,0.0,1.8625,1.8625,0.0,,0.0466,-0.6747,0.7252,0.0466,-0.6747,0.7252,100.0,0.0,0,0,33,35,21.5248,21.5871,1,True,,True,False,True,True,True,False
PROC-AUG-DEFORM,EQ-CONV-376,rpm,719,False,1515.6595,1515.6595,0.0,37.0356,37.0356,0.0,,0.0385,-0.6437,0.7141,0.0385,-0.6437,0.7141,99.86,0.0,0,0,33,32,1512.3891,1512.4856,1,True,,True,False,True,True,True,False
PROC-AUG-DEFORM,EQ-FAN-002,current_a,718,False,23.7636,23.7636,0.0,1.8195,1.8195,0.0,,0.0156,-0.7133,0.7023,0.0156,-0.7133,0.7023,99.72,0.0,0,0,31,30,23.7665,23.8507,1,True,,True,False,True,True,True,False
PROC-AUG-DEFORM,EQ-FAN-002,rpm,720,False,1239.879,1239.879,0.0,37.3245,37.3245,0.0,,0.0702,-0.6625,0.724,0.0702,-0.6625,0.724,100.0,0.0,0,0,32,33,1244.3,1245.3933,1,True,,True,False,True,True,True,False
PROC-AUG-DEFORM,EQ-FAN-002,vibration_mm_s,719,False,2.9331,2.9331,0.0,0.3294,0.3294,0.0,,0.0153,-0.5166,0.5591,0.0153,-0.5166,0.5591,99.86,0.0,0,0,32,31,2.9487,2.9281,1,True,,True,False,True,True,True,False
PROC-AUG-DEFORM,EQ-FAN-003,rpm,720,False,1418.1174,1418.1174,0.0,37.4458,37.4458,0.0,,0.0404,-0.7044,0.7388,0.0404,-0.7044,0.7388,100.0,0.0,0,0,16,16,1423.8244,1423.6225,1,True,,True,False,True,True,True,False
PROC-AUG-DEFORM,EQ-FAN-003,vibration_mm_s,719,False,2.8393,2.8393,0.0,0.3398,0.3398,0.0,,0.0342,-0.4943,0.5477,0.0342,-0.4943,0.5477,99.86,0.0,0,0,16,17,2.9006,2.8941,1,True,,True,False,True,True,True,False
PROC-AUG-DEFORM,EQ-FAN-204,vibration_mm_s,719,False,2.9339,2.9339,0.0,0.403,0.403,0.0,,0.3345,-0.0641,0.6168,0.3345,-0.0641,0.6168,99.86,0.0,2,2,32,34,3.8537,3.7868,1,True,,True,False,True,True,False,False
PROC-AUG-DEFORM,EQ-FAN-284,rpm,719,False,1640.7086,1640.7086,0.0,40.3287,40.3287,0.0,,0.1799,-0.4376,0.7071,0.1799,-0.4376,0.7071,99.86,0.0,0,0,48,48,1612.8765,1613.1975,1,True,,True,False,True,True,True,False
PROC-AUG-DEFORM,EQ-FAN-284,vibration_mm_s,720,False,2.6737,2.6737,0.0,0.362,0.362,0.0,,0.1681,-0.2744,0.5587,0.1681,-0.2744,0.5587,100.0,0.0,0,0,48,48,2.971,2.9821,1,True,,True,False,True,True,True,False
PROC-AUG-DEFORM,EQ-FAN-304,rpm,717,False,1526.6926,1526.6926,0.0,37.6809,37.6809,0.0,,0.0505,-0.6451,0.7189,0.0505,-0.6451,0.7189,99.58,0.0,0,0,50,52,1522.1154,1519.8825,1,True,,True,False,True,True,True,False
PROC-AUG-DEFORM,EQ-FAN-304,vibration_mm_s,720,False,2.6733,2.6733,0.0,0.5968,0.5968,0.0,,0.6231,0.3569,0.2824,0.6231,0.3569,0.2824,100.0,0.0,6,6,50,50,2.7822,2.7756,1,True,,True,False,True,True,True,False
PROC-AUG-DEFORM,EQ-MIX-159,current_a,675,False,25.5073,25.5073,0.0,1.7901,1.7901,0.0,,0.0387,-0.6807,0.7441,0.0387,-0.6807,0.7441,99.7,0.0,0,0,31,33,25.3674,25.4661,1,True,,True,False,True,True,True,False
PROC-AUG-DEFORM,EQ-MIX-159,vibration_mm_s,720,False,2.7359,2.7359,0.0,0.341,0.341,0.0,,0.0088,-0.5316,0.5492,0.0088,-0.5316,0.5492,100.0,0.0,0,0,31,32,2.7581,2.7006,1,True,,True,False,True,True,False,False
PROC-AUG-DEFORM,EQ-MIX-259,current_a,720,False,22.1232,22.1232,0.0,1.8117,1.8117,0.0,,0.0317,-0.7005,0.733,0.0317,-0.7005,0.733,100.0,0.14,0,0,58,59,22.0088,21.9685,1,True,,True,False,True,True,True,False
PROC-AUG-DEFORM,EQ-MIX-259,vibration_mm_s,719,False,2.6266,2.6266,0.0,0.3426,0.3426,0.0,,0.0328,-0.4804,0.5049,0.0328,-0.4804,0.5049,99.86,0.0,0,0,58,59,2.6567,2.6376,1,True,,True,False,True,True,True,False
PROC-AUG-DEFORM,EQ-MIX-379,current_a,719,False,21.7788,21.7788,0.0,1.8558,1.8558,0.0,,0.0446,-0.6496,0.7153,0.0446,-0.6496,0.7153,99.86,0.0,0,0,30,32,21.7,21.6675,1,True,,True,False,True,True,True,False
PROC-AUG-DEFORM,EQ-MIX-379,vibration_mm_s,719,False,2.8529,2.8529,0.0,0.3365,0.3365,0.0,,0.0094,-0.5232,0.5297,0.0094,-0.5232,0.5297,99.86,0.0,0,0,30,32,2.8907,2.8662,1,True,,True,False,True,True,True,False
PROC-AUG-DEFORM,EQ-OVEN-001,current_a,719,False,24.3124,24.3124,0.0,1.8239,1.8239,0.0,,0.0163,-0.6862,0.7246,0.0163,-0.6862,0.7246,99.86,0.14,0,0,30,30,24.1353,24.4527,1,True,,True,False,True,True,False,False
PROC-AUG-DEFORM,EQ-OVEN-001,temperature_c,719,False,50.6028,50.6028,0.0,3.5776,3.5776,0.0,,0.05,-0.7397,0.796,0.05,-0.7397,0.796,99.86,0.0,0,0,30,30,50.8983,50.4043,1,True,,True,False,True,True,True,False
PROC-AUG-DEFORM,EQ-OVEN-123,current_a,719,False,24.2703,24.2703,0.0,1.8518,1.8518,0.0,,0.0794,-0.6284,0.7408,0.0794,-0.6284,0.7408,99.86,0.0,0,0,46,46,24.872,24.9826,1,True,,True,False,True,True,True,False
PROC-AUG-DEFORM,EQ-OVEN-123,temperature_c,720,False,57.7026,57.7026,0.0,3.6268,3.6268,0.0,,0.0601,-0.713,0.8149,0.0601,-0.713,0.8149,100.0,0.0,0,0,46,46,59.1915,59.0163,1,True,,True,False,True,True,True,False
PROC-AUG-DEFORM,EQ-OVEN-223,current_a,720,False,23.4213,23.4213,0.0,1.8451,1.8451,0.0,,0.0279,-0.6843,0.7202,0.0279,-0.6843,0.7202,100.0,0.0,0,0,46,47,23.5104,23.4649,1,True,,True,False,True,True,True,False
PROC-AUG-DEFORM,EQ-OVEN-223,temperature_c,720,False,61.5173,61.5173,0.0,3.5302,3.5302,0.0,,0.0533,-0.7622,0.81,0.0533,-0.7622,0.81,100.0,0.0,0,0,46,45,61.367,61.3173,1,True,,True,False,True,True,True,False
PROC-AUG-DEFORM,EQ-OVEN-366,current_a,720,False,23.8479,23.8479,0.0,1.863,1.863,0.0,,0.0598,-0.6114,0.7136,0.0598,-0.6114,0.7136,100.0,0.0,0,0,28,28,25.0189,24.9557,1,True,,True,False,True,True,True,False
PROC-AUG-DEFORM,EQ-OVEN-366,temperature_c,718,False,51.0907,51.0907,0.0,3.5996,3.5996,0.0,,0.0498,-0.7275,0.8052,0.0498,-0.7275,0.8052,99.72,0.0,0,0,28,27,52.7921,53.1615,1,True,,True,False,True,True,True,False
PROC-AUG-DEFORM,EQ-OVEN-386,current_a,719,False,23.4141,23.4141,0.0,1.8944,1.8944,0.0,,0.0591,-0.6246,0.7153,0.0591,-0.6246,0.7153,99.86,0.14,0,0,32,32,24.4106,24.3072,1,True,,True,False,True,True,True,False
PROC-AUG-DEFORM,EQ-OVEN-386,temperature_c,718,False,62.4784,62.4784,0.0,3.752,3.752,0.0,,0.0869,-0.6925,0.7933,0.0869,-0.6925,0.7933,99.72,0.0,0,0,32,32,64.9194,64.5791,1,True,,True,False,True,True,True,False
PROC-AUG-DEFORM,EQ-PUMP-001,pressure_bar,720,False,6.0597,6.0597,0.0,0.2747,0.2747,0.0,,0.0278,-0.5755,0.5971,0.0278,-0.5755,0.5971,99.72,0.0,0,0,42,44,6.0721,6.0582,1,True,,True,False,True,True,True,False
PROC-AUG-DEFORM,EQ-PUMP-001,temperature_c,718,False,58.3637,58.3637,0.0,3.535,3.535,0.0,,0.0371,-0.762,0.8033,0.0371,-0.762,0.8033,99.72,0.0,0,0,42,43,59.0681,59.4105,1,True,,True,False,True,True,True,False
PROC-AUG-DEFORM,EQ-PUMP-001,vibration_mm_s,721,False,2.8628,2.8628,0.0,0.3455,0.3455,0.0,,0.0764,-0.4399,0.5112,0.0764,-0.4399,0.5112,99.86,0.0,0,0,43,42,2.9847,3.0033,1,True,,True,False,True,True,True,False
PROC-AUG-DEFORM,EQ-PUMP-006,temperature_c,719,False,55.1874,55.1874,0.0,3.7934,3.7934,0.0,,0.1521,-0.5468,0.7837,0.1521,-0.5468,0.7837,99.86,0.0,0,0,32,33,60.0281,59.8739,1,True,,True,False,True,True,True,False
PROC-AUG-DEFORM,EQ-PUMP-006,vibration_mm_s,720,False,3.1489,3.1489,0.0,0.3942,0.3942,0.0,,0.2467,-0.1382,0.5886,0.2467,-0.1382,0.5886,100.0,0.0,0,0,32,33,3.9737,3.8839,1,True,,True,False,True,True,False,False
PROC-AUG-DEFORM,EQ-PUMP-171,temperature_c,720,False,60.8099,60.8099,0.0,3.6597,3.6597,0.0,,0.0815,-0.6748,0.7902,0.0815,-0.6748,0.7902,99.72,0.0,0,0,48,47,62.5196,62.4017,1,True,,True,False,True,True,True,False
PROC-AUG-DEFORM,EQ-PUMP-171,vibration_mm_s,640,False,2.9052,2.9052,0.0,0.3595,0.3595,0.0,,0.1144,-0.4445,0.5157,0.1144,-0.4445,0.5157,99.53,0.0,0,0,48,46,3.0563,3.0811,1,True,,True,False,True,True,True,False
PROC-AUG-DEFORM,EQ-PUMP-350,temperature_c,720,False,60.6106,60.6106,0.0,3.6546,3.6546,0.0,,0.0803,-0.6837,0.806,0.0803,-0.6837,0.806,100.0,0.0,0,0,47,48,61.8294,62.1804,1,True,,True,False,True,True,True,False
PROC-AUG-DEFORM,EQ-PUMP-350,vibration_mm_s,719,False,3.0111,3.0111,0.0,0.3747,0.3747,0.0,,0.1466,-0.344,0.5912,0.1466,-0.344,0.5912,99.86,0.0,0,0,47,48,3.2564,3.2156,1,True,,True,False,True,True,False,False
PROC-AUG-DEFORM,EQ-ROBOT-358,current_a,719,False,20.9608,20.9608,0.0,1.8149,1.8149,0.0,,0.0435,-0.6485,0.7321,0.0435,-0.6485,0.7321,99.86,0.0,0,0,41,40,21.4705,21.3313,1,True,,True,False,True,True,True,False
PROC-AUG-DEFORM,EQ-ROBOT-358,vibration_mm_s,718,False,2.8586,2.8586,0.0,0.3476,0.3476,0.0,,0.0875,-0.4594,0.5259,0.0875,-0.4594,0.5259,99.72,0.0,0,0,41,39,2.9639,2.9787,2,True,,True,False,True,True,True,False
PROC-AUG-DEFORM,EQ-SENSOR-305,temperature_c,719,False,56.1275,56.1275,0.0,3.6371,3.6371,0.0,,0.0728,-0.7169,0.8071,0.0728,-0.7169,0.8071,99.86,0.14,0,0,17,16,59.8512,59.7963,1,True,,True,False,True,False,True,False
PROC-AUG-DEFORM,EQ-STEAM-341,pressure_bar,719,False,5.9729,5.9729,0.0,0.2731,0.2731,0.0,,0.0301,-0.5981,0.6387,0.0301,-0.5981,0.6387,99.86,0.0,0,0,40,41,5.9575,5.9544,2,True,,True,False,True,True,True,False
PROC-AUG-DEFORM,EQ-STEAM-341,temperature_c,720,False,55.3074,55.3074,0.0,3.5462,3.5462,0.0,,0.0247,-0.7476,0.7807,0.0247,-0.7476,0.7807,100.0,0.0,0,0,40,41,55.3102,55.2907,1,True,,True,False,True,True,True,False
PROC-AUG-DEFORM,EQ-STEAM-352,pressure_bar,720,False,6.3648,6.3648,0.0,0.2776,0.2776,0.0,,0.0359,-0.5627,0.6221,0.0359,-0.5627,0.6221,100.0,0.0,0,0,30,30,6.2793,6.2817,1,True,,True,False,True,True,True,False
PROC-AUG-DEFORM,EQ-STEAM-352,temperature_c,719,False,59.3272,59.3272,0.0,3.5328,3.5328,0.0,,0.0602,-0.7278,0.7931,0.0602,-0.7278,0.7931,99.86,0.0,0,0,30,30,60.914,60.7737,1,True,,True,False,True,True,True,False
